id;gender;grade;class;nfc_01;nfc_02;nfc_03;nfc_04;nfc_05;nfc_06;nfc_07;nfc_08;nfc_09;nfc_10;nfc_11;nfc_12;nfc_13;nfc_14;nfc_15;nfc_16;ipip_01;ipip_02;ipip_03;ipip_04;ipip_05;ipip_06;ipip_07;ipip_08;ipip_09;ipip_10;ipip_11;ipip_12;ipip_13;ipip_14;ipip_15;ipip_16;ipip_17;ipip_18;ipip_19;ipip_20;ipip_21;ipip_22;ipip_23;ipip_24;ipip_25;ipip_26;ipip_27;ipip_28;ipip_29;ipip_30;ipip_31;ipip_32;ipip_33;ipip_34;ipip_35;ipip_36;ipip_37;ipip_38;ipip_39;ipip_40;ipip_41;ipip_42;ipip_43;ipip_44;ipip_45;ipip_46;ipip_47;ipip_48;ipip_49;ipip_50
1;M;6;A;3;4;3;4;3;4;3;4;4;4;5;3;2;3;2;2;3;3;4;4;4;5;3;2;4;2;3;2;3;4;3;2;3;2;4;3;2;3;4;4;3;2;4;2;3;2;3;3;1;2;3;4;3;1;2;2;3;4;5;4;3;5;3;4;1;4
2;M;6;A;-99;-99;-99;1;1;4;4;-99;-99;4;4;1;1;4;1;1;4;1;4;1;4;3;4;1;4;1;5;1;4;2;2;-99;-99;1;1;1;4;4;5;1;4;2;5;1;1;1;1;1;5;5;4;-99;4;1;1;1;1;1;5;1;-99;4;-99;1;1;4
3;M;6;A;3;3;4;4;4;2;1;2;4;5;5;5;4;5;5;2;4;1;5;1;3;1;4;3;4;3;5;1;3;3;4;1;4;1;1;3;4;1;4;1;3;1;5;2;1;1;5;1;3;3;3;3;4;1;1;1;1;4;4;1;4;5;4;3;1;1
4;M;6;A;4;2;3;2;4;2;4;3;4;4;5;3;3;4;3;4;3;2;4;4;4;4;4;1;4;2;3;1;4;3;3;2;4;2;3;3;2;1;3;5;3;4;5;2;3;2;3;1;5;5;4;1;4;2;3;3;1;5;5;3;2;4;3;3;4;3
5;F;6;A;4;2;2;3;3;2;1;1;3;3;4;4;3;4;2;2;4;1;3;3;4;1;5;3;5;3;4;2;3;3;5;2;5;3;3;4;3;1;2;3;4;1;4;4;4;1;5;2;5;3;4;3;5;2;2;3;4;5;3;4;3;2;4;3;2;4
6;F;6;A;3;5;3;3;3;3;1;3;3;1;3;3;3;3;5;3;-99;-99;-99;-99;-99;-99;-99;-99;-99;-99;-99;-99;-99;-99;-99;-99;-99;-99;-99;-99;-99;-99;-99;-99;-99;-99;-99;-99;-99;-99;-99;-99;-99;-99;-99;-99;-99;-99;-99;-99;-99;-99;-99;-99;-99;-99;-99;-99;-99;-99
7;F;6;A;5;3;3;5;4;4;4;5;4;3;5;4;3;2;3;2;3;2;4;4;4;5;4;2;2;1;2;1;5;5;5;5;4;2;2;1;3;1;4;2;4;2;5;2;2;1;2;1;4;3;5;5;5;2;3;2;1;2;4;2;5;5;5;4;5;5
8;F;6;A;3;3;2;2;4;2;2;2;3;2;1;3;3;5;3;3;3;1;3;4;3;1;5;1;3;1;5;2;5;5;3;1;5;2;3;4;3;5;4;4;4;2;5;4;5;3;5;1;4;3;5;4;5;3;3;2;2;5;4;5;2;4;3;3;2;4
9;M;6;A;3;4;2;5;3;3;3;3;5;5;3;3;4;5;2;3;1;4;3;4;3;5;3;1;5;3;4;2;3;2;2;4;3;4;3;2;2;3;2;5;5;5;3;4;3;4;3;3;4;4;5;5;5;4;3;3;1;3;4;3;4;3;3;4;3;1
10;M;6;A;4;1;4;2;5;1;4;2;5;4;5;3;2;5;5;4;5;1;5;2;5;1;4;3;3;2;5;1;4;4;5;2;4;1;2;1;4;1;3;3;4;2;4;4;2;2;5;2;5;3;5;3;4;2;3;3;5;4;4;2;-99;2;-99;3;2;5
11;F;6;A;4;2;5;1;4;2;3;2;5;3;2;3;4;4;4;1;3;1;4;4;4;5;4;2;1;3;4;1;4;5;5;3;5;2;4;4;1;1;4;4;4;2;5;4;4;3;4;1;5;5;3;3;5;1;4;4;2;5;4;3;5;5;4;4;5;4
12;F;6;A;4;2;4;1;1;1;1;1;3;4;5;5;3;2;3;3;3;2;4;1;2;1;4;4;5;3;5;4;4;3;5;5;3;2;3;2;5;3;1;2;3;1;4;3;2;1;4;2;3;2;3;1;5;2;2;4;5;4;4;2;5;1;3;3;1;5
13;F;6;A;4;1;2;2;4;1;1;1;2;4;4;5;5;4;5;4;5;2;2;3;2;3;3;1;3;3;2;3;3;4;5;2;4;2;4;3;2;4;1;2;4;2;3;3;2;2;1;2;2;2;2;2;4;4;3;4;2;3;3;2;3;5;3;3;4;5
14;F;6;A;4;5;4;4;1;2;5;4;4;3;5;4;5;3;2;2;2;4;3;4;2;4;2;2;2;3;3;3;3;2;1;1;4;2;1;1;2;4;4;4;3;4;2;1;2;5;2;4;4;4;4;4;4;1;3;1;1;2;4;4;4;5;2;3;2;2
15;F;6;A;2;1;4;5;4;3;2;1;4;1;5;5;5;5;3;3;2;2;4;3;2;1;3;3;4;3;2;2;4;5;5;2;4;2;1;4;2;2;1;3;4;1;5;2;3;1;1;2;5;5;3;5;3;4;3;2;1;4;2;3;4;5;2;3;5;4
16;M;6;A;2;1;5;3;2;2;2;2;5;5;5;5;4;4;3;2;3;2;3;5;3;1;1;1;2;4;4;1;5;5;5;3;4;5;3;3;4;1;2;1;5;1;5;5;3;1;2;4;4;4;1;3;5;1;3;2;2;4;4;3;1;2;4;2;1;5
17;F;6;A;2;4;3;4;2;3;2;2;3;2;3;4;4;3;3;3;3;3;3;5;3;3;3;4;2;3;3;2;3;4;4;3;3;4;4;3;2;2;2;2;3;3;4;3;2;3;2;2;;3;1;4;3;3;4;3;2;4;3;2;5;4;2;2;4;3
18;M;6;A;4;5;2;2;5;2;5;3;4;4;4;2;4;4;1;2;4;3;4;5;5;1;3;2;2;4;3;4;5;5;4;1;4;4;4;2;3;2;2;5;1;1;3;4;5;2;2;3;4;5;5;1;4;5;5;4;5;4;4;5;4;4;1;3;2;3
19;M;6;A;3;3;3;2;3;2;3;3;4;3;5;4;3;3;3;2;4;3;4;4;3;3;2;1;3;2;3;2;3;3;4;3;4;3;2;3;3;3;3;3;4;3;4;2;5;2;1;3;5;3;4;4;4;2;2;3;2;3;4;5;2;4;3;3;2;3
20;M;6;A;4;3;3;3;3;1;2;3;3;4;4;3;3;5;2;3;4;3;4;4;3;1;4;1;3;2;3;2;4;4;4;3;4;3;3;2;3;2;4;3;4;3;3;2;4;1;;2;5;3;4;3;5;2;3;2;3;4;5;3;3;3;3;3;2;4
21;M;6;A;3;4;3;3;2;1;2;2;3;4;4;2;2;3;3;2;4;3;4;3;3;4;3;2;3;2;4;2;2;3;3;3;4;3;2;3;3;4;2;3;3;4;3;4;3;3;3;3;3;3;2;2;4;2;3;3;3;2;3;3;3;3;2;2;3;3
22;M;6;A;4;3;4;5;2;4;4;3;4;4;4;2;4;5;3;2;3;4;2;4;4;3;1;5;2;5;3;5;4;2;4;1;3;3;4;2;5;2;1;4;3;1;2;4;3;2;4;3;1;4;3;2;2;5;3;4;5;4;3;5;4;5;2;4;3;4
23;F;6;A;4;3;4;3;2;2;2;3;3;4;2;4;3;4;3;3;3;2;4;4;3;2;4;2;3;3;4;1;4;4;3;3;;4;4;3;3;2;4;4;4;2;4;4;2;3;4;2;5;3;2;2;5;2;3;2;2;4;2;1;3;3;5;2;1;4
24;M;6;A;4;2;3;5;4;1;3;2;3;4;5;5;3;4;3;2;3;3;4;4;2;2;2;3;2;1;4;2;4;5;3;2;3;4;3;2;2;3;1;4;4;2;3;5;5;3;3;3;2;3;5;3;3;4;2;4;3;4;2;5;5;5;1;4;3;4
25;M;6;B;3;4;3;4;2;1;1;3;3;3;4;4;4;3;3;2;4;2;3;3;3;1;4;2;3;-99;5;1;4;3;3;1;3;2;1;1;3;3;4;5;4;3;4;2;1;4;4;1;5;5;3;3;4;2;4;1;5;3;4;2;3;3;3;3;1;5
26;M;6;B;2;2;4;4;2;2;2;3;4;3;4;4;4;3;4;3;4;2;4;3;4;2;4;3;4;3;4;2;2;4;2;2;4;2;3;3;3;2;4;2;4;2;5;4;2;2;4;2;3;2;2;2;4;2;2;2;4;3;4;2;2;2;3;2;2;4
27;M;6;B;4;3;4;3;3;2;2;2;4;4;2;4;2;4;4;2;3;4;4;4;4;3;4;2;2;3;4;2;4;4;3;2;4;2;4;2;2;3;2;3;4;3;4;2;2;4;4;4;3;4;4;4;3;2;3;2;3;3;4;3;3;2;3;2;3;4
28;F;6;B;4;4;4;3;2;1;2;3;4;4;3;4;4;5;4;4;5;1;4;2;3;1;5;2;5;1;5;1;5;4;5;1;5;1;4;3;5;1;4;2;5;2;5;2;2;1;4;1;4;5;5;2;5;3;2;4;2;5;5;2;4;5;5;3;4;5
29;M;6;B;4;3;5;4;2;3;2;3;5;3;4;3;4;2;3;1;3;1;4;2;3;4;5;1;3;3;2;1;4;3;5;4;4;2;3;3;1;1;5;3;3;2;4;1;1;1;1;2;5;3;2;5;5;1;3;2;1;4;5;1;5;5;3;3;2;3
30;F;6;B;3;1;5;3;4;1;3;2;4;1;5;3;4;4;4;5;3;1;3;5;5;2;2;3;1;4;2;2;4;5;5;2;5;5;5;3;1;1;4;5;5;2;5;5;5;2;2;3;5;5;4;5;4;2;5;2;4;5;4;5;4;4;4;4;5;5
31;M;6;B;3;5;5;4;3;2;2;3;5;5;4;3;3;4;3;2;3;4;4;5;4;1;4;2;3;2;4;3;4;4;4;4;4;2;4;3;5;3;3;4;3;3;4;3;4;4;4;3;4;4;3;3;4;2;3;3;4;3;5;4;3;2;4;3;2;4
32;F;6;B;1;1;4;2;4;1;1;1;4;2;4;3;5;4;3;3;3;2;5;4;3;4;2;3;2;3;1;3;3;4;5;3;3;3;3;3;3;2;4;4;2;4;4;3;5;1;1;2;4;4;3;5;4;3;3;4;2;3;4;4;4;5;3;3;3;2
33;F;6;B;4;4;2;4;3;4;2;5;-99;3;2;4;1;3;1;3;2;3;4;3;4;4;3;2;2;1;3;2;3;5;4;5;3;4;4;3;3;2;3;5;3;3;4;3;4;3;3;3;5;4;3;5;3;3;5;4;3;3;2;1;3;5;3;5;4;3
34;M;6;B;4;4;4;2;2;2;2;4;3;4;4;2;2;4;4;2;2;2;4;4;4;4;4;1;4;2;4;2;4;5;4;2;4;1;2;2;2;1;4;4;4;2;4;1;2;1;-99;2;5;2;2;4;4;1;2;2;2;4;5;2;4;5;3;3;2;4
35;F;6;B;4;2;4;3;2;2;2;2;4;4;4;4;2;3;3;4;2;2;4;4;2;2;3;2;3;4;3;2;2;4;4;3;3;3;3;3;4;2;4;4;2;3;4;2;4;2;2;3;4;4;2;3;4;2;3;2;2;4;4;4;2;4;3;3;3;4
36;F;6;B;4;4;4;3;3;3;2;3;3;4;2;4;4;2;2;2;3;2;4;5;5;1;4;1;2;3;4;2;5;5;3;3;4;1;4;2;3;2;3;4;3;2;3;2;5;3;4;1;5;4;4;3;5;2;1;1;2;4;5;4;4;1;-99;4;2;4
37;M;6;B;3;4;2;4;4;3;3;4;3;4;4;3;3;4;3;3;3;5;4;4;3;4;5;2;4;2;5;1;5;2;5;3;4;3;3;3;4;3;5;2;5;4;5;3;4;2;3;4;4;5;3;4;5;2;3;2;4;4;5;3;4;4;4;3;2;5
38;M;6;B;2;2;3;3;2;4;3;2;2;3;3;4;3;3;3;3;2;3;4;4;3;2;3;3;2;1;5;3;4;3;2;1;3;1;2;3;1;1;2;4;2;3;5;4;4;2;3;1;2;2;2;4;4;4;3;2;2;4;5;4;3;4;1;2;2;1
39;M;6;B;1;1;2;2;5;1;1;1;5;4;4;4;4;4;1;3;4;3;3;2;2;4;3;3;3;4;4;1;3;3;4;2;3;1;2;4;4;3;2;1;4;1;3;4;2;5;4;3;4;3;3;4;4;4;4;3;1;1;4;2;1;5;3;3;1;5
40;M;6;B;4;1;5;4;4;1;2;1;3;2;2;5;5;2;5;5;5;3;2;5;5;1;5;2;4;3;5;1;1;5;5;1;5;2;1;4;4;4;2;5;4;4;5;2;1;2;4;1;1;5;1;5;5;5;3;1;5;4;4;2;4;5;3;3;2;5
41;M;6;B;4;2;4;3;2;1;3;2;4;4;4;4;2;4;4;4;2;2;3;2;3;3;4;3;4;2;3;3;2;4;4;2;3;2;3;3;2;2;3;2;2;4;4;4;2;2;4;2;5;4;4;4;4;3;2;2;2;3;4;2;3;4;3;3;2;3
42;M;6;B;3;2;3;4;2;1;1;2;3;2;2;5;4;5;4;4;3;2;2;4;3;2;4;2;2;2;3;2;3;4;5;3;4;2;2;4;2;2;1;3;4;2;4;4;3;2;3;2;4;4;3;3;3;3;3;2;3;4;2;3;4;3;3;3;2;4
43;M;6;B;4;2;3;2;2;2;2;2;4;3;4;4;2;4;4;4;4;3;2;2;3;2;3;2;4;4;4;3;3;3;4;2;3;3;3;4;3;3;2;4;4;3;3;2;4;4;4;4;4;3;1;4;4;4;4;3;4;2;3;4;4;2;4;2;3;4
44;M;6;B;3;3;3;2;2;3;1;2;4;3;5;5;4;3;3;3;4;2;4;3;3;1;5;3;5;2;5;1;4;3;3;3;3;1;2;4;4;2;4;2;3;2;3;2;3;3;4;2;4;4;3;4;5;2;3;2;3;4;4;2;3;2;5;3;1;4
45;F;6;B;2;1;2;4;2;1;4;2;1;4;2;3;2;2;5;3;2;4;2;2;4;5;4;4;4;5;5;1;5;5;4;5;5;2;2;4;1;5;4;2;4;4;5;4;4;4;4;2;4;5;2;5;4;2;4;3;1;4;4;5;3;4;5;3;4;4
46;F;6;B;4;4;2;2;4;2;2;4;4;4;4;4;4;4;4;2;2;4;4;4;2;4;4;2;4;4;5;1;4;4;4;4;4;2;2;2;2;4;4;2;4;2;4;4;2;2;4;4;4;2;2;2;5;2;2;2;4;4;4;2;4;4;4;4;2;4
47;F;6;B;2;3;4;5;3;1;2;2;5;2;5;3;1;4;2;2;4;2;5;4;5;1;4;4;2;2;3;3;4;5;4;2;4;2;4;2;4;1;4;4;4;1;4;4;4;1;4;1;5;5;5;1;5;2;3;2;4;5;4;3;2;1;3;4;5;4
48;F;6;B;3;3;3;4;4;2;3;3;3;4;5;5;4;4;4;5;4;3;5;4;4;2;4;1;4;2;2;1;2;1;2;4;2;3;4;4;3;4;5;4;4;4;5;0;4;2;3;5;4;4;4;4;2;4;4;2;1;5;5;2;2;4;3;4;3;2
49;F;6;B;4;4;3;2;2;1;1;2;2;4;3;4;3;4;5;1;0;4;4;3;2;4;3;3;1;3;4;1;4;2;3;2;3;2;4;3;2;4;3;4;3;4;4;4;5;3;4;4;2;3;1;3;4;3;3;2;4;3;4;2;5;5;3;4;5;1
50;F;6;B;2;1;3;4;3;1;1;4;2;2;3;1;5;3;5;5;3;2;1;5;2;2;3;5;1;4;5;3;3;5;2;3;4;4;1;3;3;2;1;5;2;4;3;4;5;5;3;2;4;5;1;2;4;2;3;2;5;3;2;5;5;4;2;3;5;1
51;M;6;C;3;1;5;3;1;2;3;1;3;3;4;5;3;4;4;2;5;3;2;1;3;1;4;1;4;3;4;2;3;2;3;1;3;2;2;2;4;3;3;2;4;2;4;4;3;2;3;2;4;2;2;3;5;2;3;1;3;2;4;4;4;2;5;2;1;4
52;F;6;C;4;4;2;4;2;1;3;3;4;3;1;5;1;4;5;1;4;3;5;5;5;1;4;1;1;3;2;1;3;5;4;1;4;1;1;3;2;2;1;4;5;1;4;2;2;1;4;2;4;5;2;2;5;1;2;1;4;1;1;4;2;1;3;5;4;5
53;F;6;C;2;3;4;2;1;1;1;1;3;4;3;5;5;4;4;5;2;2;4;2;3;2;3;2;4;2;4;2;4;3;4;2;5;2;3;3;4;2;4;3;3;3;4;2;2;2;4;2;5;2;3;3;4;2;2;1;2;4;4;2;4;4;4;2;2;3
54;F;6;C;5;5;5;5;4;2;3;1;3;5;5;1;1;3;1;4;5;2;4;5;5;1;4;1;4;1;5;2;5;5;5;5;5;1;4;4;5;1;5;4;5;1;5;1;4;1;5;1;5;3;4;3;5;1;4;1;5;5;5;4;4;3;5;2;5;5
55;F;6;C;4;2;3;2;2;4;4;4;3;3;5;3;3;4;3;3;3;3;4;2;3;3;5;2;1;2;5;2;3;5;4;3;4;2;5;3;2;5;3;5;2;4;2;4;5;3;4;5;5;5;2;2;3;3;5;2;2;3;2;4;3;2;3;3;4;3
56;F;6;C;2;2;5;3;1;1;1;3;3;4;5;5;5;5;4;5;4;3;3;4;3;2;3;2;2;2;4;1;2;5;4;2;3;1;5;2;1;3;4;2;3;3;4;3;2;2;1;2;3;2;2;5;5;3;3;2;2;5;4;2;4;5;5;2;2;4
57;M;6;C;4;2;1;4;4;2;2;3;4;2;5;5;2;3;4;4;3;4;4;4;3;5;4;1;4;3;2;2;3;4;5;2;4;3;4;4;2;1;1;5;4;1;3;1;4;1;3;2;5;5;2;1;3;4;4;2;5;2;5;4;5;5;3;4;4;5
58;M;6;C;4;4;2;2;2;2;4;2;3;4;4;2;2;3;2;1;2;4;4;2;5;2;4;1;4;2;4;2;4;4;5;2;3;2;4;2;2;2;2;1;2;1;4;4;2;1;4;4;5;5;5;2;2;2;4;2;5;2;3;2;4;4;3;4;4;4
59;M;6;C;4;2;4;3;2;2;3;2;3;2;5;5;3;;3;3;4;3;2;4;3;1;4;3;4;4;4;2;3;3;4;2;4;3;4;3;3;2;2;3;3;2;5;4;3;2;5;2;4;4;3;3;3;3;4;2;3;5;3;4;3;4;4;2;2;4
60;M;6;C;5;5;2;4;3;3;5;5;4;3;4;1;1;4;1;1;4;2;1;3;4;2;3;5;3;2;4;2;2;5;4;3;4;2;3;1;3;2;1;2;2;2;4;3;2;2;3;1;4;;2;3;4;3;2;1;4;3;1;2;4;5;3;2;1;3
61;F;6;C;4;2;2;3;3;1;4;2;2;2;2;4;4;3;4;3;1;3;4;4;2;5;3;1;2;3;2;1;4;4;5;5;3;1;4;3;1;2;3;3;4;4;5;3;3;1;1;4;5;1;2;5;4;3;2;1;2;2;2;3;4;5;3;4;4;4
62;M;6;C;2;2;3;4;4;2;1;2;3;3;2;5;4;3;2;3;3;3;5;4;3;3;3;1;3;2;2;2;4;4;3;2;3;1;3;2;3;3;2;4;4;3;3;1;4;2;3;3;3;4;4;3;2;2;3;2;3;2;5;4;3;3;2;3;3;4
63;F;6;C;3;1;4;4;1;1;1;2;2;1;4;5;4;4;5;5;5;2;4;5;1;2;4;3;3;3;4;2;4;5;5;3;4;4;3;3;2;1;2;4;5;4;5;5;3;2;5;1;3;4;2;1;5;2;3;4;5;5;3;3;3;5;5;3;3;5
64;M;6;C;5;1;3;5;3;1;4;1;2;4;5;2;2;4;5;3;1;2;3;2;3;2;1;2;4;4;4;1;2;1;1;3;2;1;2;2;3;4;3;3;3;3;4;2;2;2;2;4;5;3;2;2;3;3;2;2;4;3;3;2;2;4;2;3;2;4
65;M;6;C;4;3;3;3;3;3;4;4;2;3;4;2;3;3;3;3;2;3;3;4;2;3;3;2;2;3;1;2;4;5;5;4;4;2;2;3;1;2;3;5;3;3;3;3;4;1;2;3;4;3;4;5;4;3;4;3;1;5;3;4;3;4;1;3;5;3
66;F;6;C;2;3;2;3;2;3;2;2;3;3;3;4;2;2;2;3;4;2;4;4;4;3;4;1;2;2;3;1;4;4;4;3;5;2;3;2;4;1;2;4;3;2;4;2;5;4;4;1;4;5;3;2;3;2;4;2;3;5;2;5;4;4;3;3;4;3
67;F;6;C;4;2;2;5;4;2;5;1;5;3;4;3;1;1;1;1;3;3;4;5;4;2;3;3;3;2;2;2;4;4;4;3;4;3;4;2;3;3;2;4;4;1;4;2;4;3;2;3;4;4;2;2;3;3;4;3;2;3;1;3;3;2;;3;3;3
68;M;6;C;5;5;1;1;5;5;5;5;5;1;5;1;1;5;1;1;5;3;4;1;4;1;5;1;5;1;5;1;3;4;1;1;5;1;3;3;3;5;5;3;5;1;5;1;1;1;1;1;1;5;5;4;1;3;3;5;3;3;3;3;3;1;5;3;2;5
69;F;6;C;2;3;2;4;2;1;2;2;2;3;4;5;4;3;2;3;2;3;2;4;3;3;3;4;1;3;2;3;4;5;3;4;1;3;4;3;1;3;1;5;3;4;3;5;5;4;3;3;2;5;4;5;3;3;5;2;2;1;3;5;4;5;2;3;4;4
70;M;7;A;3;3;3;3;2;3;3;4;4;3;3;3;4;4;3;3;3;3;5;2;3;2;3;2;3;3;3;1;3;2;3;3;3;2;1;2;2;1;3;2;3;3;5;4;3;3;2;2;5;4;3;3;3;2;2;2;2;3;5;1;3;3;3;3;2;3
71;M;7;A;2;3;4;5;3;1;3;2;2;2;3;4;2;5;5;2;2;2;3;4;3;3;3;4;1;3;2;2;5;4;2;3;2;3;5;3;5;3;3;2;2;5;4;3;5;3;4;2;3;5;2;2;3;2;2;1;1;2;3;5;2;3;2;4;4;3
72;M;7;A;2;1;4;3;3;4;1;4;-99;-99;-99;-99;-99;-99;-99;-99;2;1;4;1;3;3;2;1;3;2;2;1;4;2;3;4;3;2;1;5;4;4;4;2;-99;-99;-99;-99;-99;-99;-99;-99;-99;-99;-99;-99;-99;-99;-99;-99;-99;-99;-99;-99;-99;-99;-99;-99;-99;-99
73;M;7;A;3;4;3;2;3;3;2;3;4;3;3;3;2;4;3;3;4;1;2;4;3;2;3;3;3;3;4;2;2;4;3;2;3;2;2;3;2;2;2;2;3;2;4;4;2;2;3;2;4;4;2;2;4;3;2;2;4;4;4;2;3;3;2;3;1;4
74;F;7;A;4;1;4;3;3;1;1;3;2;2;5;4;3;4;3;3;4;1;4;3;3;3;4;2;3;3;3;1;4;4;4;3;4;2;3;3;4;1;2;3;4;1;3;4;5;1;5;3;4;3;3;4;5;3;3;2;2;4;3;5;4;3;4;3;3;4
75;F;7;A;4;2;5;2;3;1;1;2;4;2;4;3;2;4;2;1;3;2;4;4;4;3;5;5;3;1;4;2;5;4;4;3;2;1;2;1;2;3;2;3;4;4;4;4;4;1;3;5;4;3;5;3;4;2;2;3;4;4;4;3;2;5;4;3;2;4
76;M;7;A;4;1;3;1;2;1;1;1;1;5;4;4;4;5;4;4;5;2;2;2;4;1;4;2;4;3;4;2;2;4;4;1;4;3;4;3;4;2;2;2;4;1;3;2;2;2;5;2;2;2;4;2;4;2;2;4;4;4;4;2;2;2;3;3;2;4
77;M;7;A;4;5;4;4;3;2;3;4;5;4;2;4;3;4;3;3;3;3;5;2;4;2;3;1;4;3;2;1;4;4;5;4;3;2;4;1;3;2;4;2;5;3;4;3;4;2;1;2;2;2;4;4;4;1;3;3;2;3;4;4;3;4;2;3;1;5
78;F;7;A;2;3;2;2;3;3;2;2;4;3;4;4;4;3;2;3;2;3;3;4;2;2;2;3;2;3;2;3;2;4;3;4;2;3;3;2;3;3;2;2;2;3;2;4;3;2;2;4;3;4;2;4;2;4;3;2;2;2;3;2;4;4;2;3;3;2
79;F;7;A;4;2;2;4;4;2;2;2;5;2;5;4;2;4;4;4;2;2;5;1;4;1;4;1;5;2;4;2;4;4;4;1;5;2;2;5;5;1;5;2;4;1;5;1;2;2;5;2;5;4;4;2;4;2;2;4;4;4;5;4;5;1;3;2;4;4
80;F;7;A;4;3;4;4;3;2;4;2;3;2;5;3;4;3;2;3;3;3;4;3;4;3;5;3;4;3;4;2;4;3;5;3;4;4;4;3;4;1;2;3;4;3;5;4;3;2;3;2;4;3;4;3;4;4;2;1;3;5;5;3;4;4;3;3;1;4
81;F;7;A;3;2;5;3;1;2;3;2;4;4;4;2;3;4;2;3;1;3;4;4;4;3;2;2;2;1;2;3;5;5;4;3;4;2;1;2;3;3;3;2;4;3;3;2;5;1;4;3;4;4;4;3;4;2;4;3;4;4;3;4;3;5;4;5;4;4
82;M;7;A;3;3;3;3;2;2;3;3;3;4;4;3;3;4;4;3;4;3;3;5;3;1;4;2;2;3;4;3;3;5;3;3;4;4;1;5;4;3;5;4;4;2;4;4;5;3;4;3;4;5;2;3;4;1;5;3;3;2;3;5;1;4;3;3;1;3
83;F;7;A;2;2;3;2;2;2;1;2;4;3;2;3;2;2;3;3;4;2;4;3;4;2;3;2;3;2;4;3;4;4;3;2;3;2;3;2;4;1;4;3;4;2;3;2;5;1;4;2;5;5;4;2;5;4;3;3;4;4;5;5;3;4;4;3;2;5
84;M;7;A;4;4;3;4;3;4;4;4;3;4;5;2;3;5;3;2;1;4;4;4;3;4;2;3;3;3;2;1;4;4;5;4;4;1;4;3;2;4;2;3;4;4;4;2;2;1;1;2;0;3;4;5;3;2;1;2;1;4;2;2;4;5;2;4;4;3
85;M;7;A;4;2;3;2;1;1;1;3;3;3;2;1;4;3;5;4;3;4;2;4;3;3;3;4;2;2;2;2;2;5;3;4;4;5;4;3;3;4;2;4;3;4;4;4;5;4;3;3;4;4;2;4;3;5;4;0;2;4;3;4;5;4;3;0;4;4
86;F;7;A;3;1;2;5;3;2;3;1;3;2;3;3;4;5;4;3;3;2;4;1;2;1;3;2;4;1;3;3;3;3;3;4;2;3;3;1;3;3;2;3;5;2;3;5;5;3;1;1;3;5;1;3;3;5;5;1;1;1;1;5;1;4;3;3;2;5
87;M;7;A;3;4;3;2;4;2;3;4;4;4;3;2;2;3;3;3;3;3;4;1;3;2;4;1;3;3;4;1;4;3;4;2;3;2;1;5;3;4;3;1;3;3;4;2;1;3;4;3;4;3;3;3;3;2;1;2;3;1;4;1;2;1;4;4;1;4
88;F;7;A;2;4;3;2;1;2;1;4;2;3;4;3;3;3;2;3;1;3;3;4;2;3;1;1;3;3;0;1;1;5;1;3;3;1;1;3;3;4;2;3;4;2;4;2;3;2;2;3;4;3;2;4;4;3;2;1;3;4;1;3;2;3;1;2;1;1
89;M;7;A;2;4;3;4;1;2;2;3;4;4;2;2;4;5;4;3;4;3;3;4;2;2;2;1;3;3;3;2;2;;2;3;3;2;2;3;3;3;3;3;2;3;4;3;4;3;3;2;4;3;3;3;4;2;3;2;3;2;4;4;4;2;4;3;3;3
90;M;7;A;4;4;4;4;3;2;1;4;4;5;1;5;5;4;2;5;4;4;3;4;3;2;1;1;1;3;1;3;2;5;5;4;1;3;5;3;2;3;4;5;5;4;1;5;5;1;2;5;3;5;1;5;4;3;5;3;1;2;3;5;5;5;3;3;5;5
91;M;7;A;4;1;3;5;5;1;2;1;2;2;4;4;5;3;4;5;4;2;2;5;2;2;4;3;2;3;4;3;1;5;5;4;4;3;2;1;4;2;2;0;2;3;5;2;4;1;2;2;4;4;2;2;4;3;3;2;2;3;3;3;5;3;4;4;4;3
92;M;7;A;2;1;5;2;2;1;1;3;4;5;2;5;3;4;5;1;3;2;3;1;3;2;4;2;5;3;3;3;2;1;3;2;3;2;4;5;3;2;3;3;3;3;3;1;4;1;4;1;4;4;4;2;5;2;4;4;5;2;4;5;3;2;3;4;3;4
93;F;7;A;3;1;2;3;1;2;2;3;4;3;4;5;2;4;2;3;2;3;4;2;1;4;3;2;3;1;3;3;2;2;2;4;3;1;3;1;4;4;3;4;2;4;4;1;4;3;2;4;4;5;3;4;4;3;4;2;1;2;3;4;4;3;4;1;5;2
94;F;7;A;2;3;2;3;0;1;2;2;3;3;4;1;4;3;2;3;2;4;4;2;1;3;3;2;3;3;4;2;3;3;2;3;3;4;2;3;4;2;2;3;3;3;4;4;2;4;4;2;3;2;1;2;3;3;3;2;3;2;1;2;2;2;3;2;2;3
95;F;7;A;3;1;1;3;2;2;1;3;4;3;4;4;2;5;0;3;3;4;4;4;2;3;3;1;2;1;2;2;2;5;2;3;4;4;3;1;3;2;1;4;3;4;4;0;4;3;5;2;3;4;3;4;5;2;2;3;4;4;4;3;5;1;5;2;4;4
96;F;7;A;3;2;5;4;3;1;1;1;4;2;4;3;2;2;3;3;3;2;4;2;4;2;4;1;4;2;3;3;4;5;4;2;4;2;3;2;3;2;5;4;4;2;4;2;5;1;3;5;5;5;5;1;3;1;4;3;4;3;5;5;5;3;4;3;3;4
97;F;7;B;2;4;2;4;3;2;3;2;4;3;3;2;4;2;3;4;3;4;3;4;2;1;4;3;3;4;4;3;3;2;4;2;3;3;4;4;4;2;2;3;4;2;4;2;3;2;4;2;3;4;2;4;2;5;4;4;2;3;3;3;4;2;4;3;2;5
98;F;7;B;3;2;3;4;3;2;4;2;4;4;4;4;3;3;2;3;3;2;3;4;3;2;4;2;3;3;4;2;3;4;3;3;4;2;4;3;3;2;2;3;4;2;5;2;2;2;2;2;4;3;2;3;4;2;2;2;3;4;4;3;3;4;4;3;2;4
99;F;7;B;3;2;2;4;2;3;3;2;5;4;5;4;3;4;3;3;4;2;3;5;3;1;4;3;2;2;3;2;3;4;4;3;4;2;4;2;3;2;2;4;3;2;5;2;2;2;2;2;3;3;3;3;4;3;2;2;3;4;3;2;4;4;4;4;2;4
100;M;7;B;2;4;4;4;3;2;1;4;2;2;3;4;4;5;4;4;4;1;3;3;3;2;4;3;4;3;3;1;5;4;5;3;4;2;5;5;2;2;2;2;3;4;4;4;3;2;3;2;2;2;3;2;2;4;3;3;4;4;4;4;3;4;3;3;4;4
101;M;7;B;1;4;2;3;3;2;1;5;4;3;4;2;4;3;2;4;4;3;3;2;3;-99;2;4;2;3;4;3;4;3;4;4;3;1;3;3;4;2;2;2;3;4;3;4;3;3;2;4;4;4;4;4;3;3;3;2;2;4;1;5;3;2;3;3;3;2
102;F;7;B;5;4;5;4;2;3;3;4;5;4;2;2;1;5;2;1;3;2;4;4;4;3;5;1;1;2;4;1;4;5;5;1;5;2;3;1;4;1;5;3;4;2;4;2;4;1;4;1;5;4;5;3;5;1;3;4;4;3;5;3;3;2;4;4;4;5
103;F;7;B;3;1;4;2;3;1;1;2;4;3;5;5;2;4;5;3;5;2;2;4;4;1;4;3;4;3;2;2;4;5;4;2;5;4;2;2;2;1;2;5;4;2;4;5;4;2;4;1;4;5;5;1;5;4;5;1;5;5;5;5;4;2;5;2;4;5
104;M;7;B;4;4;3;3;3;2;3;3;4;5;3;3;3;4;2;2;4;4;4;3;4;2;2;2;3;4;3;3;3;3;2;4;2;1;2;2;3;4;3;2;4;3;3;2;2;3;2;4;4;2;4;3;4;3;2;4;3;1;4;2;2;5;3;3;2;4
105;F;7;B;3;3;4;2;3;2;3;3;5;-99;4;3;5;5;4;4;1;2;3;5;4;5;3;5;3;2;2;2;5;5;5;5;3;4;2;1;1;2;2;5;3;4;3;5;5;1;2;2;5;5;4;5;4;3;5;4;1;3;2;5;5;5;3;3;3;4
106;M;7;B;3;1;2;4;3;5;1;2;4;4;5;5;5;2;5;4;3;3;2;5;4;5;1;2;2;3;1;3;1;3;2;5;3;4;3;3;2;3;3;5;3;4;3;2;3;4;1;5;4;3;2;5;1;3;5;5;1;2;5;3;4;5;1;3;4;2
107;F;7;B;3;3;3;4;3;2;1;2;-99;-99;-99;-99;-99;-99;-99;-99;4;4;3;-99;4;4;1;3;3;3;2;1;3;2;3;3;3;2;2;4;2;4;5;4;3;4;4;3;3;3;1;2;4;4;3;3;3;2;3;2;2;2;4;2;2;5;3;3;2;4
108;F;7;B;1;1;3;2;-99;2;1;1;3;3;4;5;5;5;4;3;3;3;2;4;3;4;3;4;2;3;3;1;4;4;4;-99;3;3;3;-99;3;4;2;3;3;3;4;5;2;3;2;3;5;4;1;4;3;3;3;2;2;3;1;3;5;4;3;2;3;3
109;M;7;B;1;2;2;2;3;1;1;2;2;3;2;4;5;2;5;5;2;4;2;3;2;4;3;2;4;3;3;2;2;3;2;3;2;3;-99;3;2;3;4;4;3;4;3;2;4;4;2;3;3;3;2;5;5;3;3;2;5;2;3;4;3;5;2;3;2;2
110;F;7;B;2;3;3;4;3;3;2;2;3;3;3;3;3;3;3;3;2;4;3;2;-99;2;3;2;2;3;2;1;4;4;5;4;3;1;-99;3;3;1;3;2;2;2;-99;1;2;1;3;1;4;3;2;4;4;2;2;3;2;3;3;2;4;4;-99;-99;2;4
111;M;7;B;2;2;2;2;3;2;2;2;2;3;1;5;5;3;3;5;2;3;2;3;3;5;2;2;2;3;3;1;3;4;3;4;3;3;3;3;1;3;2;4;3;5;3;4;3;4;2;3;3;4;4;5;3;2;3;3;1;3;3;2;4;5;3;3;3;3
112;M;7;B;1;1;5;1;3;1;1;1;-99;-99;-99;-99;-99;-99;-99;-99;3;2;1;2;1;4;3;5;1;3;1;2;1;1;1;1;1;3;1;3;4;2;1;3;1;2;3;5;3;5;1;3;2;1;1;1;4;4;3;1;5;5;1;2;1;5;3;3;4;4
113;F;7;B;4;2;3;3;3;2;2;3;2;3;4;3;2;4;4;4;2;2;1;1;2;1;3;4;2;2;3;2;3;4;3;3;4;4;3;3;1;3;3;3;3;3;3;1;4;3;3;3;3;4;2;-99;3;4;4;3;3;3;2;4;3;3;-99;-99;3;3
114;M;7;B;3;3;4;4;3;4;1;2;2;2;3;2;4;3;2;3;3;1;5;0;2;2;3;5;3;2;4;2;4;2;3;5;2;1;3;3;3;2;4;4;4;2;5;4;3;2;3;4;4;3;2;4;3;1;4;1;2;3;1;3;3;5;4;4;3;2
115;F;7;B;1;2;2;2;5;1;1;1;2;4;4;5;5;1;2;4;2;3;4;4;1;1;2;2;4;2;3;1;2;3;5;3;2;3;3;1;3;3;1;5;4;2;4;2;1;1;3;2;4;4;1;4;3;3;1;1;3;5;3;1;5;5;3;3;3;5
116;F;7;B;4;5;4;2;2;1;0;3;4;4;4;5;3;4;5;4;4;3;2;2;4;2;3;2;2;1;4;4;3;2;4;1;3;3;4;2;3;2;1;2;4;2;0;3;3;2;3;2;2;2;1;3;4;4;4;2;4;3;1;4;3;3;2;2;3;4
117;F;7;B;4;4;5;3;2;3;2;4;4;4;3;3;3;2;1;3;4;2;4;3;4;1;4;2;5;3;4;1;2;3;4;3;4;3;2;3;4;1;4;2;4;2;5;3;2;2;3;2;4;2;3;2;4;3;2;2;3;4;4;1;5;4;5;2;1;3
118;M;7;B;2;1;2;3;3;3;2;1;4;3;4;4;4;3;3;3;1;3;5;2;3;5;2;1;4;2;3;1;2;2;3;5;3;1;3;4;1;3;4;2;4;4;4;3;3;1;1;4;4;3;3;4;4;2;3;1;2;3;5;2;2;5;2;4;1;3
119;M;7;B;2;2;3;4;2;2;2;2;4;4;4;4;4;4;4;3;4;4;3;4;3;4;3;2;2;3;4;4;2;4;4;4;3;2;2;4;2;4;4;3;4;2;4;4;2;2;2;3;4;4;2;4;3;2;4;2;4;4;2;3;3;4;3;5;4;4
120;F;7;B;2;2;2;2;1;1;1;4;3;3;5;5;4;2;3;3;3;2;4;5;2;2;3;1;3;3;3;3;4;2;3;3;3;2;3;3;2;2;2;4;2;2;3;2;4;2;3;2;3;5;2;2;4;4;4;1;3;3;2;5;3;1;4;3;3;3
121;F;7;B;2;2;3;4;2;2;1;1;2;2;4;4;5;4;3;5;2;1;2;5;3;3;4;3;2;2;1;3;3;4;4;4;4;4;2;3;2;2;2;5;1;3;4;4;5;2;1;2;3;5;2;4;3;4;5;2;1;3;1;5;4;4;2;3;4;4
122;F;7;B;4;2;4;4;2;3;3;2;5;2;4;3;3;5;2;3;3;3;4;2;3;1;3;2;3;1;2;1;4;4;5;3;3;2;2;2;4;4;2;2;4;2;5;2;1;1;3;3;4;4;4;3;4;2;3;2;3;4;5;1;4;4;4;5;3;5
123;F;7;B;3;2;3;2;2;2;2;2;4;3;4;3;3;3;2;2;3;3;5;4;3;2;3;1;3;3;3;2;4;4;4;3;3;2;3;3;2;2;2;4;2;2;4;4;4;2;2;3;5;5;1;2;3;4;4;2;2;3;3;4;4;4;4;3;3;2
124;M;7;B;3;1;3;3;3;2;2;2;3;4;4;5;3;3;3;4;0;5;3;2;0;3;2;2;3;3;3;0;2;3;3;4;2;2;2;4;2;3;2;4;4;3;3;4;4;3;2;5;3;3;2;4;3;3;3;1;1;2;2;3;1;3;1;3;1;2
125;M;7;B;3;3;3;4;3;3;2;4;3;4;4;3;3;3;3;4;3;2;3;4;4;3;2;2;3;3;3;2;3;4;4;3;4;2;3;3;2;2;3;4;4;3;3;4;3;1;2;3;3;3;3;3;3;3;3;2;4;4;3;4;3;4;3;3;3;4
126;M;7;B;3;3;2;2;2;1;3;2;3;4;4;4;4;4;3;4;1;3;2;4;3;2;3;3;1;3;3;2;4;4;3;2;3;2;2;4;2;3;2;3;2;3;4;4;4;2;1;3;4;3;2;4;4;2;3;3;2;3;3;4;2;4;3;3;2;2
127;M;7;B;1;1;2;2;1;1;1;1;2;5;3;5;4;3;5;1;4;3;2;3;2;1;3;2;2;5;5;2;2;2;3;1;2;2;3;5;3;3;1;5;1;1;2;3;3;3;1;2;3;3;1;2;3;5;5;4;5;1;1;5;5;3;1;2;3;1
128;F;7;B;3;1;4;4;3;2;4;3;5;4;2;4;4;4;4;3;4;2;4;5;3;2;4;5;3;4;3;2;4;5;4;2;5;3;2;3;4;1;3;4;4;5;4;2;5;2;3;1;5;5;3;1;5;3;5;3;5;5;3;5;5;4;4;3;4;4
129;F;7;B;5;4;3;4;4;2;3;2;5;2;5;4;3;3;2;2;3;2;5;5;4;2;4;1;3;4;3;1;4;4;5;3;5;2;2;3;4;1;3;5;4;3;4;4;2;1;5;1;5;4;4;5;3;2;2;4;3;4;3;2;4;4;5;5;1;5
130;F;7;B;1;1;2;1;1;1;1;1;2;3;5;5;5;3;5;4;1;2;4;5;1;4;1;1;1;1;1;1;1;4;2;1;5;4;2;2;1;5;1;5;1;5;4;1;5;5;5;2;4;5;1;2;4;1;5;2;1;1;4;5;2;5;1;4;5;1
131;M;7;B;3;3;4;4;3;2;2;2;3;2;4;3;2;5;3;2;4;2;5;4;4;1;4;1;3;3;4;3;4;4;4;2;4;1;2;4;4;2;3;4;4;2;3;2;3;1;3;3;5;2;3;3;4;3;2;2;4;3;4;3;3;3;3;2;2;4
132;M;7;C;2;2;4;2;2;3;1;3;4;3;4;4;4;3;3;3;2;2;2;4;3;3;4;5;3;1;3;3;5;5;5;3;3;4;4;1;2;2;3;4;3;4;5;4;4;2;4;2;3;4;3;3;4;3;4;3;3;4;3;4;5;4;3;3;4;4
133;M;7;C;2;3;2;3;2;1;2;3;2;4;5;4;4;4;2;2;3;3;4;4;4;2;3;2;3;3;3;2;3;4;3;4;5;2;4;2;3;3;2;4;3;4;4;4;4;4;2;2;5;4;2;3;4;4;3;3;4;4;3;4;4;3;4;4;2;2
134;M;7;C;2;2;2;2;1;3;2;2;2;4;3;4;4;3;4;4;4;3;2;4;3;4;2;2;4;2;3;2;2;4;2;4;4;4;4;3;3;4;2;4;4;4;3;4;3;4;5;4;4;5;3;3;4;4;4;2;4;4;3;2;4;4;3;0;3;3
135;M;7;C;3;3;5;3;4;3;3;3;2;3;4;3;3;3;3;3;4;2;5;4;4;3;4;3;2;1;4;1;4;4;4;3;4;3;3;1;4;2;3;3;3;2;5;3;3;2;3;2;5;3;4;1;4;3;3;4;4;4;4;3;3;2;4;4;3;4
136;M;7;C;4;1;4;1;4;2;2;1;2;2;3;2;1;3;2;4;4;1;2;2;3;1;4;3;5;1;5;2;3;3;4;2;4;1;1;3;5;1;2;2;3;1;4;1;5;1;4;1;5;3;2;5;3;2;1;4;5;4;1;5;4;1;4;2;1;4
137;M;7;C;3;3;2;4;3;4;2;3;2;3;3;3;4;3;2;3;3;4;3;4;3;3;4;2;2;3;3;3;1;3;3;4;2;4;4;2;4;3;2;3;3;3;1;3;4;3;4;3;3;3;1;3;3;2;3;3;4;2;3;4;5;2;3;3;4;0
138;M;7;C;4;2;3;2;3;4;4;4;4;2;5;4;4;0;2;4;4;4;4;2;5;2;2;1;3;3;4;3;4;2;4;2;2;2;4;4;4;3;2;2;5;1;3;2;1;1;2;3;5;3;4;2;4;2;1;2;5;2;4;1;4;5;3;3;2;5
139;M;7;C;1;1;5;2;1;1;1;3;4;3;1;5;3;3;5;5;2;2;4;3;3;2;2;1;3;3;3;1;3;1;5;3;3;2;2;3;3;2;3;2;4;2;4;2;3;2;3;2;3;3;3;5;4;2;4;2;2;2;4;3;3;4;2;4;2;4
140;M;7;C;3;4;4;3;2;2;3;4;4;3;4;2;3;2;3;3;4;3;4;2;3;1;3;2;3;3;3;2;4;3;4;3;4;2;2;3;4;3;4;2;4;1;4;2;1;2;4;2;4;2;3;3;4;1;2;3;4;3;4;1;3;2;3;3;2;4
141;M;7;C;4;4;4;3;3;2;4;4;4;4;4;3;4;4;2;3;3;3;3;3;3;3;3;3;3;3;3;3;5;3;3;3;4;2;3;3;2;4;2;2;3;4;4;2;2;3;2;4;4;3;3;5;4;2;4;2;2;4;3;3;4;4;2;2;2;5
142;F;7;C;3;1;4;5;3;1;1;1;2;4;5;5;4;5;3;2;3;2;5;5;4;4;4;1;2;2;3;1;4;5;5;5;4;2;1;1;3;2;2;5;3;5;4;2;5;1;4;1;5;3;2;4;5;3;4;5;4;5;2;5;5;5;3;2;5;1
143;F;7;C;4;3;3;3;3;3;3;3;3;3;3;3;4;3;4;2;1;1;4;5;3;4;5;1;1;3;1;2;3;5;4;5;4;3;1;1;3;2;2;4;3;2;3;3;4;1;3;1;3;4;4;5;3;3;4;3;1;4;3;4;5;5;1;3;5;5
144;F;7;C;2;3;3;4;3;1;1;3;3;3;5;3;2;4;2;2;3;2;3;4;3;2;3;1;3;3;3;1;4;5;5;3;3;2;2;1;3;3;2;3;1;2;4;1;3;3;2;3;4;5;2;3;5;4;4;1;3;5;3;3;4;4;3;4;4;3
145;F;7;C;2;1;2;2;2;1;1;1;4;4;5;5;3;3;4;3;2;5;4;2;2;2;3;1;3;3;4;1;3;2;2;3;3;1;2;3;3;2;2;2;3;3;3;1;2;3;3;2;5;2;2;2;5;2;2;1;2;2;5;2;2;3;3;2;2;2
146;F;7;C;2;2;4;4;3;1;1;1;3;4;5;2;2;5;4;2;3;3;4;3;4;2;3;1;2;3;3;1;4;5;4;3;3;2;2;1;4;4;1;4;2;4;4;2;3;3;2;3;4;5;4;3;4;4;5;1;3;4;2;3;5;4;3;3;4;2
147;F;7;C;1;5;4;4;1;1;2;3;4;4;4;5;4;4;4;3;4;3;4;4;2;2;5;2;1;1;4;5;2;3;1;2;2;4;3;3;5;3;3;4;4;2;5;4;3;4;3;5;4;5;3;5;3;5;2;3;5;3;4;5;4;5;3;4;4;3
148;F;7;C;1;4;3;4;1;1;4;4;4;2;2;3;4;3;1;3;4;2;3;3;2;2;5;2;2;1;4;5;3;3;4;2;3;3;3;3;4;3;2;3;5;1;4;3;2;4;4;2;3;3;2;2;4;3;3;2;4;5;3;3;4;1;5;3;3;4
149;F;7;C;3;1;3;5;5;1;1;1;4;2;5;5;4;5;1;3;2;2;5;4;5;5;3;1;2;1;3;1;5;5;5;5;4;2;1;3;2;3;4;4;5;2;5;1;5;1;1;2;5;5;4;2;3;4;5;3;3;3;5;5;4;5;3;3;4;5
150;F;7;C;2;3;2;3;1;2;2;3;4;4;3;4;4;4;3;3;3;2;4;4;1;3;4;1;3;3;4;1;3;3;2;3;4;1;4;3;2;1;2;4;3;4;5;4;4;3;4;2;4;4;3;2;4;3;4;2;3;3;3;4;5;4;4;3;4;3
151;M;8;A;3;4;5;1;2;2;2;2;2;4;1;5;3;2;4;1;2;3;5;4;2;2;4;1;1;2;4;2;4;5;4;4;4;1;2;3;4;2;5;2;2;2;4;2;2;1;2;1;4;1;2;5;4;2;3;1;2;5;4;2;4;4;3;4;2;4
152;F;8;A;3;2;3;4;3;1;2;3;4;4;5;4;4;1;2;2;3;1;2;4;3;1;5;2;1;1;3;2;4;5;5;3;5;2;2;1;4;1;2;4;4;4;5;4;5;1;3;1;4;5;3;3;5;2;4;3;2;5;2;4;4;4;5;4;4;4
153;F;8;A;3;1;3;2;3;2;1;2;3;4;5;5;5;5;2;5;4;1;3;5;4;3;1;3;3;3;4;1;3;4;3;2;4;3;4;3;2;2;2;4;5;3;4;3;5;3;3;2;4;4;2;3;4;4;4;3;4;4;4;4;4;3;4;4;4;3
154;M;8;A;3;2;5;4;1;5;1;3;4;4;1;4;2;3;5;2;5;2;4;2;4;2;2;5;4;-99;3;5;2;4;4;1;3;2;5;3;4;2;5;3;5;1;3;2;1;2;5;2;3;2;2;1;4;4;1;1;5;2;4;1;2;2;4;2;1;1
155;M;8;A;4;1;1;4;5;3;4;1;3;2;5;2;5;2;1;4;4;2;4;5;5;4;3;1;4;3;5;5;4;5;3;4;5;5;3;3;3;2;1;5;5;2;5;3;5;2;3;2;5;1;5;2;1;5;3;1;3;5;2;5;3;4;5;3;3;4
156;F;8;A;2;2;2;2;3;2;2;2;2;4;4;4;4;4;4;4;4;2;3;4;2;2;4;4;4;2;2;3;2;4;3;2;3;4;2;3;4;2;2;4;3;2;2;4;4;4;4;2;2;4;2;4;4;4;4;2;2;4;2;4;3;2;3;3;3;4
157;F;8;A;2;2;3;4;3;1;2;2;3;2;4;3;2;5;4;2;4;1;4;5;3;2;5;4;2;3;2;2;4;4;3;5;4;2;4;3;2;1;1;5;2;4;4;4;5;2;2;1;5;5;2;5;5;4;5;2;1;4;5;5;4;5;3;3;4;2
158;F;8;A;2;2;3;4;3;2;3;2;3;4;4;4;4;3;4;4;3;1;3;4;2;1;4;2;4;3;3;1;3;3;4;3;5;2;5;3;2;2;3;4;3;1;5;4;4;5;2;1;5;3;-99;3;5;1;3;2;2;5;3;-99;3;5;4;3;1;3
159;M;8;A;2;3;1;2;3;2;1;5;3;2;1;4;5;3;5;3;3;2;2;1;4;2;2;2;4;2;3;4;5;2;2;3;3;5;2;3;4;2;2;5;2;4;3;5;4;2;3;4;3;4;2;3;5;3;1;1;4;3;2;4;5;5;3;3;1;2
160;M;8;A;4;3;5;5;3;4;2;3;5;1;4;3;3;5;4;3;5;2;2;1;3;1;4;4;5;1;3;3;4;4;5;3;5;3;4;1;4;2;1;4;4;3;4;3;4;1;4;2;4;3;3;1;4;3;3;1;5;5;1;5;5;5;-99;3;4;5
161;M;8;A;4;2;4;4;4;3;4;4;3;2;2;3;2;3;2;3;2;3;4;1;3;3;1;2;4;3;2;4;3;4;3;4;3;2;3;4;2;4;2;2;4;4;3;2;1;2;2;5;4;3;5;4;2;3;2;4;2;3;4;1;3;4;3;2;3;4
162;M;8;A;4;2;3;1;4;4;4;2;4;4;4;5;4;5;3;4;3;3;1;1;3;3;3;5;4;3;4;5;1;2;5;2;2;4;5;4;3;5;3;3;5;4;3;5;3;2;2;4;5;3;3;3;2;5;2;3;4;2;4;3;3;5;3;2;1;4
163;M;8;A;4;4;4;1;5;2;3;4;4;4;4;5;4;5;3;4;5;2;1;3;4;1;4;4;5;3;5;2;4;2;5;1;2;4;5;5;3;4;1;5;5;2;3;5;5;1;4;2;5;4;4;2;4;4;3;4;5;2;4;5;4;2;4;4;2;5
164;M;8;A;3;2;3;2;3;3;1;1;3;3;5;5;5;5;5;4;4;3;2;3;2;2;3;1;3;3;3;1;5;3;2;2;2;3;1;3;3;3;3;3;3;2;3;2;5;4;4;3;5;5;5;2;2;3;5;3;3;2;3;5;4;3;3;3;2;3
165;M;8;A;2;2;1;4;3;1;2;2;4;2;4;3;5;3;2;3;1;2;4;4;3;5;3;2;2;3;2;1;4;5;2;5;4;1;2;5;2;2;3;4;2;5;4;4;2;3;1;2;3;4;5;5;4;2;3;3;1;3;4;2;4;5;3;3;3;2
166;M;8;A;3;4;2;2;3;2;2;2;4;4;4;4;4;4;2;2;2;3;4;3;2;3;3;2;3;2;3;2;3;4;2;4;4;3;3;3;2;3;3;4;3;3;3;4;2;4;2;2;4;4;3;4;3;3;4;2;3;3;3;2;4;3;3;3;4;2
167;M;8;A;0;3;2;1;2;4;1;3;3;3;1;5;4;5;5;5;2;1;2;4;0;4;3;5;3;3;5;3;4;1;4;3;3;2;1;1;3;2;1;5;3;4;4;5;3;2;4;2;5;4;4;4;5;3;5;3;1;4;5;3;5;5;3;3;5;3
168;F;8;A;3;1;3;2;2;3;2;4;1;2;5;2;2;4;3;2;3;1;4;2;4;1;5;2;3;3;3;1;3;5;4;2;4;1;5;5;5;1;4;3;5;1;5;2;3;1;4;1;4;5;3;4;5;1;5;2;3;4;5;1;4;4;4;3;4;5
169;F;8;A;2;3;3;4;3;2;3;2;3;4;2;4;4;2;4;3;4;2;3;2;4;2;4;3;4;3;3;2;4;3;4;3;4;2;3;3;2;2;1;2;3;3;3;3;2;2;2;2;3;4;3;4;3;4;4;3;2;4;1;3;3;4;3;3;3;2
170;F;8;A;5;3;4;5;2;4;3;3;4;3;4;2;2;4;2;2;3;1;4;5;3;1;5;3;2;2;3;1;5;5;4;2;5;1;5;3;4;1;4;5;3;1;5;1;4;3;4;1;5;5;3;4;5;2;5;3;1;5;5;4;4;5;4;5;4;3
171;F;8;A;4;2;3;4;3;3;2;4;2;2;4;4;3;5;2;2;4;4;3;2;4;1;3;2;3;4;5;4;5;2;4;2;4;2;2;1;4;2;2;2;4;1;5;3;2;2;5;2;4;5;4;2;5;3;4;2;5;5;3;2;4;2;4;4;2;4
172;F;8;A;3;2;3;4;4;3;2;2;2;4;3;3;4;4;4;3;3;3;4;4;3;3;4;2;2;2;3;1;5;4;5;3;4;2;3;2;4;2;3;3;4;3;4;2;4;1;4;3;5;4;3;2;4;3;3;4;3;3;5;3;4;4;3;4;3;4
173;F;8;B;5;1;2;5;2;1;1;2;4;2;5;4;1;1;2;1;4;1;4;5;2;2;5;2;2;2;4;2;4;5;5;2;5;4;4;2;5;1;4;2;4;2;5;2;2;4;4;1;4;5;4;2;4;1;5;1;5;5;5;2;4;4;5;2;4;5
174;F;8;B;4;2;2;2;3;1;1;2;2;4;4;5;5;4;4;5;4;2;4;4;2;1;5;5;4;4;4;1;2;2;4;2;4;4;2;2;4;5;2;4;4;1;4;4;4;2;5;1;4;2;1;2;5;4;1;1;1;4;1;4;5;2;4;2;2;4
175;M;8;B;4;2;5;4;2;2;2;4;4;2;2;4;2;4;2;2;5;4;2;2;2;1;1;2;4;2;1;5;4;2;4;1;2;2;4;2;5;5;4;4;4;2;4;1;5;2;1;4;4;4;4;2;4;2;2;1;4;2;4;5;5;5;5;1;4;5
176;M;8;B;2;2;2;4;2;2;2;2;4;4;4;4;4;4;4;4;4;4;2;2;4;2;4;2;4;3;3;2;4;2;4;2;2;2;5;5;2;4;1;2;2;2;2;4;2;2;2;4;4;4;4;4;5;4;4;2;2;1;2;2;4;4;4;3;2;4
177;M;8;B;4;4;4;5;4;4;4;3;4;2;2;2;3;4;3;2;1;2;3;4;4;4;3;2;2;2;3;2;4;4;3;4;3;2;2;3;2;2;2;4;4;4;3;2;3;2;2;2;4;4;4;4;4;3;3;3;1;4;3;4;4;5;3;3;2;4
178;F;8;B;4;1;5;2;-99;1;1;4;1;4;5;5;5;5;5;5;5;2;4;5;4;1;5;1;1;1;4;2;5;5;5;1;5;2;1;1;5;1;2;5;5;1;5;1;5;1;5;1;5;5;4;1;5;4;5;4;5;5;2;5;5;1;5;2;5;5
179;M;8;B;4;3;4;3;5;4;4;3;3;4;4;2;5;2;2;2;3;4;3;3;1;3;5;2;1;3;2;2;3;4;3;2;5;3;2;3;2;1;3;4;2;5;5;4;3;4;3;2;4;3;1;3;4;4;3;2;3;5;2;2;4;3;3;2;4;2
180;F;8;B;4;4;4;4;1;1;2;1;3;2;5;5;3;1;4;4;3;3;2;4;3;2;3;3;2;4;2;3;2;5;3;2;4;5;2;3;2;2;1;5;2;4;3;4;5;2;4;2;2;5;2;3;5;4;5;2;5;4;4;5;5;4;3;3;4;2
181;M;8;B;4;4;3;3;1;2;3;2;4;4;3;2;4;3;3;2;4;2;3;2;2;1;3;4;4;4;4;2;2;2;3;1;3;3;3;3;5;2;1;3;2;2;2;4;4;3;4;1;2;3;4;1;4;4;3;2;5;4;2;4;3;1;1;3;2;4
182;M;8;B;3;3;3;3;3;2;2;3;4;3;4;3;3;3;3;3;4;3;3;2;3;1;4;3;3;3;4;2;4;2;5;2;3;2;2;1;3;2;3;3;4;2;4;2;3;1;4;1;4;3;3;2;4;2;4;3;5;3;4;3;2;2;2;3;2;5
183;F;8;B;4;2;3;3;1;1;2;2;2;4;4;4;1;3;4;3;4;2;3;2;4;1;3;5;3;3;5;2;2;4;4;1;3;3;5;4;5;1;2;2;4;1;3;4;5;2;4;3;2;4;4;2;5;3;4;2;5;4;3;4;2;3;3;2;2;4
184;M;8;B;3;3;5;2;5;5;2;2;5;4;3;2;3;2;4;4;5;3;2;3;4;1;5;4;4;3;4;5;2;3;5;1;4;4;4;3;4;4;4;3;5;1;5;4;5;1;4;5;3;5;4;1;4;4;4;3;5;4;3;5;4;3;5;3;2;5
185;F;8;B;4;4;3;4;2;1;1;2;2;4;2;4;4;2;4;4;3;1;3;4;2;4;5;4;2;4;3;2;4;5;5;5;4;3;1;3;2;1;2;4;3;4;4;5;4;4;3;2;4;3;1;5;4;3;3;2;1;4;3;4;4;5;-99;3;4;2
186;F;8;B;4;3;5;5;2;3;3;4;3;4;3;3;4;4;2;2;4;2;3;5;3;2;5;5;1;2;3;2;4;5;4;3;5;5;1;2;4;1;1;5;3;5;4;5;5;1;4;1;5;5;2;2;3;4;5;4;5;5;3;5;5;4;4;2;5;5
187;F;8;B;4;3;4;3;4;3;2;2;4;2;3;3;3;4;2;3;3;2;4;3;4;3;4;1;3;1;2;1;5;4;5;4;5;2;1;1;3;2;3;2;4;2;4;4;1;1;1;1;5;2;4;5;4;3;1;3;2;5;4;1;5;5;4;3;5;4
188;M;8;B;3;2;4;3;4;3;2;2;3;4;3;4;4;4;4;3;4;2;4;4;4;2;4;2;3;2;4;2;4;4;4;2;4;2;3;3;3;3;4;4;4;2;4;2;3;2;3;3;5;3;4;2;4;2;3;3;4;3;4;3;2;4;3;4;3;4
189;F;8;B;4;4;4;4;4;3;4;4;4;2;4;3;2;2;2;2;4;2;3;4;4;2;4;3;4;3;4;1;4;4;3;4;5;3;4;3;4;2;4;2;4;4;5;4;3;2;2;2;4;5;2;3;4;2;4;2;3;4;5;4;3;4;4;3;4;4
190;M;8;B;3;3;4;3;2;2;3;2;3;4;3;3;2;4;5;3;4;3;3;3;2;1;4;3;2;2;4;5;3;3;5;3;4;3;1;3;5;2;1;5;4;1;5;4;5;1;4;3;1;5;1;3;4;5;5;3;3;3;1;5;3;1;3;3;1;3
191;M;8;B;4;2;3;3;3;1;1;1;3;3;4;5;1;3;4;3;4;3;4;3;3;2;3;1;3;3;3;2;3;4;3;3;3;1;3;3;4;2;3;2;4;3;4;3;2;3;4;3;5;2;3;4;4;2;2;2;2;2;5;2;4;4;3;4;3;3
192;M;8;B;5;3;1;5;4;2;2;2;5;4;5;2;1;1;3;2;5;2;3;3;2;1;3;1;3;2;3;3;2;5;4;2;1;4;3;1;4;3;4;3;4;3;3;4;4;1;3;4;1;3;4;3;3;4;3;5;4;1;5;4;5;2;3;3;3;5
193;M;8;B;3;3;3;3;2;1;2;3;3;3;2;3;3;3;2;3;3;4;3;2;3;1;3;3;2;3;5;2;2;3;3;2;4;2;2;3;4;2;3;3;3;2;4;5;1;3;5;3;1;3;2;5;4;4;3;3;5;3;4;2;3;5;3;3;1;4
194;M;8;B;4;5;2;3;4;3;3;2;5;4;3;4;5;3;3;2;2;2;3;4;4;5;4;4;5;3;2;2;4;4;2;4;4;3;3;3;2;2;1;4;3;2;4;5;3;3;2;1;4;3;4;5;3;4;4;4;1;4;3;3;4;5;3;3;3;4
195;M;8;B;2;3;3;4;3;4;2;2;3;3;4;4;4;4;5;3;4;2;3;5;2;3;3;3;3;3;3;1;4;4;3;3;4;4;4;3;3;2;3;4;2;3;4;2;5;3;4;2;3;5;1;3;3;2;4;4;3;4;4;5;4;4;3;3;4;3
196;F;8;B;3;2;5;4;5;1;1;2;3;3;5;4;2;4;3;2;4;1;3;4;3;1;4;1;3;2;5;1;3;5;5;1;5;2;3;2;4;2;1;4;5;3;5;4;5;1;5;1;3;4;2;3;2;3;4;1;5;5;4;5;5;2;4;3;3;4
197;M;8;B;5;5;4;3;3;4;3;4;5;4;2;2;1;2;3;3;3;2;3;1;3;1;4;2;5;2;5;3;5;4;4;2;4;2;4;3;4;2;4;2;4;2;4;3;2;2;4;2;4;2;4;2;4;2;1;2;3;3;5;1;3;2;3;2;1;4
198;M;8;B;4;2;4;5;5;4;3;2;-99;-99;-99;-99;-99;-99;-99;-99;3;2;4;2;5;2;3;2;5;3;4;1;5;3;4;2;4;2;4;3;4;1;4;4;5;2;5;3;1;2;2;2;4;1;5;4;4;2;3;4;3;4;4;1;2;3;4;3;1;5
199;M;8;B;5;5;5;5;4;3;5;5;5;1;5;5;3;5;2;5;5;1;4;1;4;1;3;2;4;4;5;5;4;3;5;1;4;5;4;4;5;1;2;2;4;2;5;5;2;1;5;2;3;5;5;1;5;3;5;5;5;5;3;2;5;1;5;3;2;5
200;M;8;B;1;3;1;1;1;3;3;3;3;1;5;5;3;1;5;3;4;2;3;2;3;1;5;2;5;3;5;1;3;2;4;4;4;3;1;3;2;3;4;3;4;2;4;3;1;1;3;3;1;3;3;5;3;3;1;3;3;3;3;1;3;1;3;3;1;5
201;M;8;B;3;3;4;4;2;2;3;3;5;4;5;4;4;4;5;3;4;2;3;2;3;2;4;3;2;3;5;2;3;5;3;3;2;2;2;3;3;4;3;2;3;3;4;3;2;4;4;2;3;3;4;3;4;2;3;2;4;2;4;2;4;3;3;4;2;3
202;M;8;B;3;5;4;4;2;4;1;2;5;4;5;5;4;3;4;5;2;1;5;4;3;2;5;2;4;2;5;1;5;4;5;3;4;1;5;3;2;3;4;5;4;3;5;1;4;3;2;3;4;2;4;4;5;3;3;4;4;5;5;4;5;4;4;4;2;3
203;M;8;B;2;1;3;2;1;5;1;1;2;4;3;5;4;3;5;5;2;2;3;4;2;4;2;2;3;4;4;3;2;2;3;2;2;1;1;4;3;3;2;5;4;2;3;2;5;4;3;3;3;4;1;4;3;4;3;2;2;3;4;5;2;2;1;5;2;4
204;M;8;B;2;4;2;3;1;2;4;4;3;3;3;2;2;4;4;4;5;4;2;1;1;1;3;1;5;1;1;4;5;1;5;3;1;1;3;3;3;1;5;1;5;5;5;3;5;1;1;1;5;1;1;5;5;1;1;2;0;3;2;5;1;1;5;1;1;5
205;M;8;B;3;2;3;3;1;4;3;3;3;4;3;3;3;4;3;3;3;3;4;2;3;1;3;3;4;3;3;3;2;3;2;4;3;2;2;3;3;2;3;2;4;3;3;4;3;2;3;2;4;3;2;3;3;3;3;3;2;3;3;2;3;1;3;3;2;3
206;M;8;B;2;2;5;3;1;1;1;1;3;4;3;5;3;5;5;3;2;3;4;3;5;1;4;4;3;3;3;4;4;4;3;4;4;3;3;3;4;1;3;5;5;1;5;4;3;2;4;2;5;5;2;2;5;3;4;2;4;5;4;5;3;3;3;3;4;5
207;F;8;B;4;1;5;4;4;5;2;4;4;3;5;5;5;5;3;5;2;3;4;5;4;5;1;3;2;4;1;3;4;4;4;5;3;1;2;3;2;5;3;3;1;3;3;2;3;2;1;3;5;4;2;5;3;1;3;4;1;2;1;3;5;5;3;3;4;3
208;F;8;B;4;2;4;3;4;1;1;2;2;3;3;4;2;3;2;3;4;1;4;1;4;2;5;3;4;1;3;1;4;2;4;2;5;1;3;2;3;1;3;1;4;3;5;2;1;2;3;2;5;2;5;1;4;2;3;3;5;5;4;1;4;2;4;3;2;4
209;F;8;B;1;1;4;4;1;2;1;1;1;5;3;5;3;5;4;1;2;3;3;4;3;1;4;4;3;3;2;4;4;4;2;4;4;1;2;3;4;4;2;4;2;2;3;4;1;3;3;4;3;3;2;3;5;4;3;1;2;4;3;1;5;4;3;3;2;2
210;F;8;B;4;2;4;3;1;1;4;2;5;4;5;5;3;5;2;3;4;2;4;4;3;2;5;2;2;2;4;1;4;1;4;3;5;2;2;3;5;1;3;5;3;1;5;4;4;1;5;1;5;3;4;4;5;4;2;1;1;5;2;4;5;3;4;3;5;5
211;F;8;B;4;3;3;3;3;2;2;3;4;4;3;3;4;5;4;2;2;1;3;4;3;2;3;2;1;3;2;1;2;5;3;3;4;3;4;4;2;2;3;5;2;2;3;4;5;3;3;2;4;5;3;3;3;2;5;2;2;5;3;5;3;4;0;4;5;4
212;M;8;C;2;1;3;2;3;1;1;2;3;4;4;2;1;3;2;3;3;4;3;4;2;2;3;2;2;3;3;2;2;3;2;5;2;2;3;3;2;4;2;4;2;4;3;5;4;3;2;4;4;4;2;3;3;4;4;3;4;2;4;4;4;4;3;3;4;2
213;M;8;C;2;4;2;3;3;2;1;4;4;3;4;5;2;5;4;4;3;3;4;4;2;1;3;5;3;2;5;3;2;1;4;2;4;3;3;4;4;2;2;4;3;4;4;4;4;3;4;3;4;3;2;5;4;4;3;2;2;4;3;4;3;4;3;3;1;5
214;M;8;C;1;3;3;1;1;1;1;3;5;3;5;5;3;3;5;4;4;3;2;1;1;1;1;1;1;5;3;4;1;1;5;3;3;5;1;1;4;1;1;5;1;3;4;5;5;2;5;3;5;3;2;5;2;3;3;4;4;1;1;5;3;1;5;1;1;1
215;F;8;C;4;2;1;4;3;1;3;2;5;1;4;4;3;4;3;3;2;2;2;5;4;1;4;4;2;4;3;1;5;5;4;3;4;4;2;2;2;2;2;5;4;4;4;5;4;1;3;2;3;4;2;3;5;4;4;2;4;4;1;4;5;3;3;3;4;4
216;M;8;C;3;1;5;4;1;2;5;5;5;5;5;5;3;5;5;2;4;2;3;5;4;1;4;2;4;2;4;1;5;4;5;2;4;4;4;1;3;3;5;5;5;1;3;4;5;1;4;2;5;5;3;1;5;3;3;2;2;4;4;4;5;4;2;1;3;4
217;M;8;C;3;5;4;3;1;3;3;2;3;3;4;1;3;2;3;3;5;3;2;2;5;1;1;2;4;3;5;3;2;3;5;2;3;2;3;3;5;1;3;2;4;1;5;3;4;1;5;4;2;3;3;3;5;1;3;3;3;4;4;3;3;2;5;2;1;5
218;M;8;C;4;1;5;4;1;4;4;4;4;5;5;3;4;3;5;5;2;0;3;4;2;1;5;1;4;3;5;4;5;5;5;1;4;5;3;1;5;3;2;5;4;1;3;5;4;1;4;2;5;5;3;1;5;1;3;4;1;2;4;5;3;2;0;4;2;5
219;F;8;C;2;2;4;4;2;2;2;3;4;3;1;4;3;4;3;2;3;2;2;4;3;3;4;2;2;1;2;1;4;4;4;4;5;4;4;1;3;2;1;4;3;2;4;5;4;2;3;1;4;4;4;4;4;4;4;4;2;5;3;2;4;4;3;1;3;4
220;F;8;C;4;2;3;4;4;1;2;2;4;2;2;3;5;4;2;3;2;4;4;3;3;4;2;4;2;3;2;2;4;2;4;4;4;2;4;2;4;2;3;4;3;2;4;4;3;1;4;2;5;4;3;3;4;4;3;2;2;4;2;4;5;4;3;4;2;4
221;M;8;C;4;2;5;4;5;1;2;5;5;3;4;5;2;1;1;4;4;4;1;3;4;1;4;5;4;3;5;4;3;4;5;4;4;5;2;3;4;1;2;5;4;0;2;5;5;1;3;2;2;4;1;2;4;5;3;1;4;4;2;5;4;3;3;5;3;4
222;M;8;C;4;4;3;4;3;4;4;2;4;4;2;2;2;2;2;2;3;2;2;2;3;2;2;3;4;2;2;1;4;4;4;2;4;2;4;2;4;4;3;2;4;2;4;3;3;2;3;2;2;2;4;3;4;2;2;2;3;4;2;2;4;4;3;3;2;4
223;M;8;C;1;3;4;2;3;1;2;1;3;3;3;4;3;3;2;2;4;3;3;2;3;4;3;2;4;4;4;3;3;3;3;2;3;2;2;2;3;2;4;3;4;3;4;4;2;3;5;2;3;3;4;3;3;4;3;2;2;3;3;2;3;1;3;4;2;3
224;F;8;C;1;2;2;3;3;2;1;2;1;3;3;4;5;3;4;5;2;2;2;3;2;3;3;4;3;3;2;3;3;3;3;3;4;3;3;3;2;2;2;5;2;3;3;4;4;3;1;2;2;5;1;3;4;4;4;2;2;3;2;4;3;4;3;3;3;1
225;F;8;C;2;2;5;3;3;1;2;2;4;4;5;4;3;4;3;3;4;2;3;4;3;3;3;3;2;4;3;3;2;4;4;3;4;2;4;3;2;2;2;4;3;4;3;4;4;2;3;2;4;4;3;2;4;3;4;2;4;3;2;4;4;5;2;3;4;4
226;M;8;D;3;3;4;3;3;2;3;3;4;4;3;5;5;3;3;3;2;3;4;1;2;5;3;4;3;3;4;2;4;3;5;4;1;1;2;3;1;3;1;2;4;5;4;1;4;1;2;3;5;2;1;5;4;3;2;2;2;3;4;4;4;4;4;3;2;4
227;M;8;D;3;4;5;4;1;1;2;2;3;4;3;4;3;4;3;3;4;2;3;3;4;2;4;3;3;2;4;3;4;4;2;3;2;3;2;2;2;2;4;3;3;2;4;2;5;2;4;3;4;4;3;2;4;2;2;2;4;3;3;5;3;2;4;3;1;4
228;M;8;D;2;3;4;3;2;1;1;2;3;4;2;4;5;5;3;4;5;3;4;2;5;4;2;1;3;2;3;4;4;3;4;2;2;3;2;3;2;2;1;4;5;2;1;4;4;5;4;3;2;4;3;5;3;4;4;2;3;2;4;5;3;2;3;4;2;5
229;M;8;D;3;2;4;4;3;2;2;2;3;4;4;4;4;2;3;4;4;3;3;2;0;2;3;3;4;2;2;3;4;2;4;4;2;2;2;3;3;2;2;3;4;3;4;4;3;2;3;3;3;4;2;3;3;4;3;2;4;2;3;3;2;4;3;3;2;4
230;M;8;D;4;3;3;4;3;1;2;3;4;2;2;4;5;4;3;3;4;3;2;4;4;2;3;3;2;3;3;4;4;4;4;2;2;3;2;3;2;2;1;3;3;4;3;4;4;2;4;2;4;5;5;2;4;4;4;2;5;4;2;4;5;3;3;2;4;3
231;M;8;D;5;3;3;4;5;5;3;4;2;1;3;2;3;2;1;1;5;2;4;2;2;1;4;1;5;1;5;4;5;4;5;1;4;3;5;1;5;1;4;3;4;1;4;4;4;1;4;2;5;4;4;2;5;2;4;3;5;5;3;4;5;3;4;4;1;5
232;M;8;D;4;3;3;4;4;4;2;3;4;2;3;4;3;4;4;3;3;4;3;4;2;4;3;1;4;4;3;2;2;4;4;3;3;4;4;3;4;4;4;5;3;4;4;4;5;4;2;3;4;4;3;3;4;2;3;2;1;4;3;4;4;5;3;4;3;4
233;M;8;D;1;3;4;5;2;1;1;1;4;4;5;5;5;5;5;5;5;2;2;5;2;1;5;1;5;4;5;4;5;5;5;1;4;5;4;4;5;2;1;5;4;3;5;5;5;5;5;4;4;5;4;2;3;4;5;3;4;2;4;5;4;1;4;3;4;5
234;M;8;D;4;2;4;4;4;2;3;1;4;4;4;4;3;4;3;4;3;2;4;3;4;4;4;2;3;2;4;2;4;4;4;4;3;1;4;4;3;3;5;4;4;3;4;2;3;2;2;3;5;3;4;4;3;2;3;2;3;4;5;2;4;4;4;3;2;4
235;F;8;D;3;4;4;4;4;3;4;4;4;3;3;3;3;3;2;2;3;2;2;2;4;3;3;2;4;2;3;3;3;3;4;3;3;2;3;3;3;3;2;2;3;2;4;3;3;1;3;3;2;3;4;4;4;3;3;3;2;3;3;3;4;3;4;3;2;3
236;F;8;D;5;2;4;5;4;3;3;4;4;4;4;4;2;4;3;3;4;1;3;5;3;3;5;4;2;5;2;3;5;4;3;4;5;2;2;2;3;1;3;4;5;4;4;4;5;2;2;1;3;4;4;4;3;2;4;3;2;4;4;4;4;4;4;4;5;5
237;F;8;D;1;2;5;1;1;1;1;1;4;5;4;5;5;5;5;1;4;2;2;3;5;1;4;3;4;1;5;4;4;5;5;1;4;2;2;2;5;3;5;4;5;1;4;2;5;1;5;3;5;3;2;1;5;4;4;5;4;4;5;5;1;4;4;4;2;4
238;F;8;D;4;0;4;4;1;1;1;0;3;3;5;3;1;3;4;3;4;5;2;5;3;1;5;3;2;1;3;4;4;5;5;3;4;5;2;1;2;1;3;5;3;4;3;5;3;3;3;1;3;5;3;3;5;3;5;3;2;5;2;3;5;3;3;3;5;5
239;F;8;D;3;1;3;4;4;1;2;2;2;2;5;4;5;4;3;2;3;5;2;4;4;2;2;2;3;3;2;2;4;5;5;3;4;3;3;1;2;3;2;4;3;5;4;4;3;1;3;2;5;4;3;4;4;3;4;1;3;5;4;2;4;5;3;3;3;4
240;F;8;D;3;2;4;5;4;4;3;2;4;2;4;4;3;4;2;1;3;1;3;3;4;4;5;1;3;1;3;3;4;4;5;4;4;2;3;1;3;2;2;4;3;4;3;4;4;1;1;2;4;3;4;3;3;2;1;3;4;4;3;4;5;5;3;4;3;5
241;F;8;D;2;3;3;4;3;2;1;4;2;3;4;4;4;4;4;3;2;2;2;3;2;4;3;4;3;4;3;1;4;4;3;4;4;2;3;3;2;2;2;3;3;4;3;4;3;4;2;2;3;4;1;5;4;4;2;1;1;4;3;2;3;5;3;3;4;2
242;F;9;A;2;4;4;4;3;3;4;4;4;2;2;2;2;4;2;2;2;2;4;4;2;4;4;2;2;4;2;4;4;5;4;4;5;4;5;2;4;1;4;4;2;4;4;2;4;2;4;2;4;4;2;5;4;2;4;4;2;5;4;4;5;4;3;4;5;4
243;F;9;A;2;1;2;2;3;2;2;1;2;4;4;4;4;4;4;2;2;1;2;4;2;5;5;4;2;4;1;1;2;4;4;5;5;2;2;4;2;1;2;5;2;4;4;2;5;4;1;1;4;5;2;5;5;2;5;1;1;5;4;5;4;5;3;2;4;4
244;F;9;A;1;2;2;2;2;1;1;1;2;4;4;4;4;4;4;4;2;2;2;4;2;4;4;4;2;4;2;2;2;4;2;4;4;2;2;4;1;2;2;4;2;2;4;4;2;2;2;2;4;4;1;5;4;2;2;2;1;4;2;2;2;5;4;4;4;2
245;M;9;A;2;4;4;4;4;3;2;2;5;4;5;4;5;1;1;4;2;2;4;2;5;4;1;1;5;1;3;1;5;4;5;4;4;1;1;5;3;1;5;5;4;1;5;1;1;1;4;1;5;1;5;5;5;2;1;1;1;2;5;1;5;2;3;4;1;4
246;M;9;A;-99;-99;-99;-99;-99;-99;-99;-99;-99;-99;-99;-99;-99;-99;-99;-99;-99;-99;-99;-99;-99;-99;-99;-99;-99;-99;-99;-99;-99;-99;-99;-99;-99;-99;-99;-99;-99;-99;-99;-99;-99;-99;-99;-99;-99;-99;-99;-99;-99;-99;-99;-99;-99;-99;-99;-99;-99;-99;-99;-99;-99;-99;-99;-99;-99;-99
247;M;9;A;4;2;4;5;4;2;1;4;1;2;4;2;2;-99;2;2;4;4;2;1;4;2;2;4;4;1;4;2;4;2;4;2;5;1;2;5;4;2;2;1;3;2;4;2;1;2;4;2;2;1;4;2;5;1;1;2;2;4;2;1;4;2;3;4;2;4
248;M;9;A;2;1;4;2;2;4;2;1;1;5;5;2;4;1;2;5;2;2;4;1;2;5;4;1;4;4;2;2;4;2;-99;1;2;2;5;5;1;2;1;1;2;2;2;4;1;2;2;2;3;1;2;5;4;2;1;2;1;4;4;1;2;5;3;4;1;2
249;M;9;A;5;2;5;4;2;2;4;4;4;4;4;5;2;4;4;4;4;1;4;3;5;1;5;2;4;4;5;5;4;2;5;1;5;4;4;4;5;1;4;4;5;1;5;4;4;1;5;1;4;5;2;1;5;4;4;2;5;5;4;4;5;1;5;4;2;5
250;M;9;A;-99;3;5;2;5;4;4;5;-99;-99;-99;-99;-99;-99;-99;-99;4;4;2;1;5;2;4;5;4;2;4;2;4;1;5;1;4;5;2;4;4;2;2;1;4;1;1;3;1;1;5;2;1;5;5;1;5;4;2;4;5;4;1;1;5;4;2;5;4;5
251;M;9;A;4;4;4;2;3;4;4;4;2;4;2;2;4;4;1;2;4;2;4;2;4;1;4;1;4;2;4;2;5;5;4;2;4;4;4;5;5;2;1;2;4;2;4;2;2;1;4;2;4;2;5;3;4;2;1;4;5;4;4;2;5;3;4;4;2;5
252;F;9;A;2;1;3;3;1;1;2;2;1;5;5;4;4;2;3;4;4;2;4;4;2;2;4;5;4;3;5;2;4;5;2;2;5;3;2;3;1;2;3;4;4;2;4;4;4;3;4;4;3;5;4;4;5;3;5;2;1;5;4;4;5;5;5;4;4;4
253;M;9;A;2;3;3;4;3;3;3;3;3;2;4;3;3;3;3;3;4;3;3;3;3;3;3;3;4;2;2;2;3;3;2;4;3;2;3;4;3;3;2;4;4;2;3;3;4;3;3;3;3;3;3;3;3;3;3;4;2;3;4;3;2;3;3;4;2;3
254;F;9;A;2;1;3;2;3;1;2;4;2;5;5;5;4;2;3;4;2;2;3;5;3;1;5;3;3;2;4;1;2;5;4;3;4;1;1;4;5;1;3;4;3;1;4;5;5;5;5;1;4;4;3;3;5;1;3;1;4;5;3;5;4;2;5;3;3;3
255;M;9;A;1;3;4;2;5;3;4;1;4;2;3;5;1;3;5;4;3;2;3;4;1;1;2;3;3;4;4;1;3;4;5;1;4;2;3;4;2;5;3;2;3;1;3;1;4;2;2;3;2;4;4;3;4;4;4;2;3;1;3;4;3;4;3;3;3;4
256;M;9;A;4;4;4;5;4;2;2;4;5;5;3;2;2;2;1;2;4;2;5;4;2;2;4;4;2;2;4;4;4;5;4;1;4;2;4;2;3;4;5;4;4;2;4;1;4;2;5;4;4;2;4;4;5;1;2;2;3;4;5;4;4;5;3;4;2;4
257;F;9;A;4;3;4;5;2;2;4;3;4;4;2;2;2;4;2;3;3;4;2;4;4;3;4;4;2;2;3;2;4;3;4;2;5;2;3;4;3;3;4;3;4;2;4;3;2;2;4;2;5;4;4;3;4;2;3;3;4;5;4;2;5;2;3;4;2;4
258;M;9;A;2;3;1;2;1;-99;1;2;1;4;4;5;5;3;5;4;5;3;3;2;3;3;2;3;4;3;2;4;3;2;4;3;3;2;4;3;3;4;1;4;4;3;3;2;4;2;1;2;3;4;2;3;4;4;3;2;4;3;3;2;4;3;3;4;1;4
259;F;9;A;4;4;4;5;4;4;5;4;5;2;1;2;2;1;1;2;2;3;4;3;5;2;4;2;2;2;3;3;5;3;4;4;4;3;3;1;3;3;2;4;4;1;3;-99;2;1;3;3;3;2;4;4;4;3;2;3;1;3;4;2;5;5;3;3;2;5
260;F;9;A;2;2;3;4;3;2;2;2;3;4;3;4;3;3;4;3;2;2;3;3;3;4;3;4;3;3;3;1;3;4;3;4;4;2;4;3;3;1;2;3;2;3;4;4;2;3;4;3;2;2;2;3;4;3;3;2;3;4;3;3;3;4;4;3;3;3
261;F;9;A;3;4;4;5;3;1;3;3;4;3;2;2;4;1;1;2;3;1;5;5;3;1;3;4;3;3;2;1;5;4;4;3;4;3;3;4;3;2;3;4;3;3;5;3;2;2;4;3;4;5;3;4;4;2;4;4;2;4;4;2;4;2;3;4;3;4
262;M;9;A;4;3;4;5;5;4;3;3;4;1;3;2;4;3;2;3;3;4;4;4;3;4;3;1;3;2;3;2;5;4;5;4;3;1;4;2;1;2;3;3;5;3;4;1;2;1;2;2;5;3;4;4;3;3;2;3;2;4;3;2;4;5;3;0;2;5
263;M;9;A;3;4;2;2;5;3;2;4;2;5;5;4;5;4;2;2;4;3;2;5;5;1;2;4;3;2;4;4;3;4;5;2;4;4;2;3;4;4;2;5;2;1;4;5;4;1;4;3;4;5;2;1;4;3;4;1;4;4;1;5;3;2;2;2;2;4
264;M;9;A;3;2;4;2;2;1;3;1;3;3;5;4;5;3;2;5;3;4;3;2;3;4;2;2;3;3;2;3;4;2;2;4;1;2;4;3;4;4;1;2;3;3;3;4;3;2;3;4;2;2;3;5;2;4;3;2;2;1;2;2;3;4;2;3;2;3
265;M;9;A;4;2;2;3;4;2;4;2;3;4;4;4;4;4;2;4;2;3;4;2;4;4;4;2;4;2;3;2;3;4;4;4;3;2;3;3;4;2;2;2;4;2;4;1;2;1;3;2;4;2;4;4;3;4;2;3;2;3;4;2;4;4;3;3;2;4
266;M;9;A;4;4;3;4;4;2;4;3;4;4;4;3;2;4;2;3;2;3;4;2;2;4;3;2;4;3;3;3;2;2;3;4;3;2;3;3;2;4;2;4;4;3;3;4;4;2;3;3;3;2;4;4;4;4;3;2;2;3;2;4;3;4;3;3;2;4
267;M;9;A;3;2;2;2;4;3;2;3;4;4;3;3;4;4;4;2;1;3;4;2;3;4;3;2;3;2;2;2;2;1;2;3;2;3;5;3;1;3;2;2;3;4;3;4;3;3;2;3;3;5;4;5;4;2;4;5;1;2;4;3;4;5;3;3;1;4
268;M;9;A;5;4;5;1;3;1;3;1;3;3;3;1;1;3;2;2;3;3;1;4;2;1;2;4;3;3;4;4;4;2;2;4;1;4;3;5;3;5;1;3;4;1;5;3;5;4;2;3;3;1;4;1;1;4;1;1;3;1;1;5;4;5;4;3;1;3
269;M;9;A;4;4;3;2;4;5;4;4;4;2;4;2;3;2;1;2;4;3;4;1;3;1;2;1;3;1;3;4;4;3;5;2;3;4;3;3;2;3;4;3;4;2;2;1;2;1;2;3;4;4;5;2;5;1;2;2;4;3;4;2;5;5;3;4;4;5
270;M;9;A;3;3;4;3;3;2;3;4;5;3;3;4;3;3;3;3;3;2;4;1;3;1;4;1;5;2;4;4;3;4;4;2;4;3;1;3;3;1;3;2;4;1;5;2;1;3;3;2;2;1;4;2;3;1;1;2;4;4;4;1;4;4;3;3;1;4
271;M;9;A;2;1;4;2;3;2;1;3;3;4;3;5;4;3;5;4;3;2;2;2;3;3;4;3;2;3;3;4;4;4;5;2;3;4;5;3;3;2;4;5;4;3;5;2;5;1;3;2;3;3;4;1;5;3;5;3;5;1;2;5;3;2;4;3;4;5
272;M;9;A;3;1;3;4;3;4;1;2;4;5;5;4;4;3;3;3;3;3;4;2;4;2;3;2;4;3;4;2;3;2;4;3;4;2;2;3;3;2;3;2;3;2;4;2;2;2;3;2;4;3;3;3;4;2;3;2;3;2;3;2;2;4;2;3;2;4
273;M;9;A;3;2;2;4;3;4;2;3;3;2;4;4;4;3;2;2;4;3;2;3;2;1;4;3;2;2;4;3;2;4;4;5;4;3;3;2;4;1;2;4;3;2;4;2;1;1;5;1;2;3;2;3;5;4;2;3;2;4;4;1;4;2;3;4;2;4
274;M;9;A;4;2;2;4;2;1;4;3;3;5;4;4;4;3;4;5;3;4;2;5;5;2;3;5;4;3;2;4;1;3;2;2;2;4;3;2;4;4;1;5;3;2;3;5;5;2;4;4;2;2;3;2;4;4;3;4;2;1;2;5;4;4;3;2;4;3
275;M;9;A;4;3;5;4;3;5;4;3;4;3;4;5;3;2;5;2;2;3;3;4;3;1;4;4;3;4;5;4;3;5;4;4;4;3;5;3;3;3;4;4;4;4;3;4;5;3;4;2;3;4;2;4;3;2;4;5;4;4;3;5;3;4;3;4;5;4
276;F;9;A;3;1;4;4;3;1;4;1;5;5;4;4;5;5;3;4;2;3;2;3;5;1;5;3;4;3;4;1;3;5;5;3;4;3;4;3;4;1;4;3;4;3;4;4;4;1;4;1;5;5;4;5;4;1;4;1;1;5;4;4;3;4;3;3;4;3
277;F;9;A;2;2;2;4;4;4;2;2;4;3;4;3;4;4;2;3;1;4;4;2;4;4;2;2;3;2;3;2;4;2;3;4;4;1;4;2;2;2;4;2;4;3;4;2;1;2;2;2;4;2;4;4;4;2;2;4;2;3;4;2;4;4;3;4;2;4
278;F;9;A;3;1;3;1;1;1;1;1;3;3;2;4;3;2;5;4;4;2;4;4;4;1;4;2;3;3;4;2;3;3;2;2;3;3;4;3;4;2;2;4;4;2;4;2;3;2;5;2;4;4;3;3;4;3;4;2;3;4;3;3;4;1;5;2;3;3
279;F;9;A;3;3;4;4;4;2;4;4;5;4;3;2;5;4;1;3;3;1;4;4;4;5;4;3;2;2;3;2;4;4;4;5;5;3;3;4;4;1;2;3;3;4;4;3;2;2;2;3;3;2;3;5;4;3;2;3;2;5;3;2;4;5;3;4;3;4
280;F;9;A;2;2;3;2;3;2;2;4;4;3;3;4;4;4;4;3;3;2;2;2;2;2;2;5;4;2;4;3;3;2;4;3;4;2;3;3;3;3;2;3;4;3;4;2;4;2;4;3;2;4;3;3;5;4;4;2;3;4;2;3;3;3;3;3;2;3
281;F;9;A;3;1;3;1;3;1;1;3;3;4;3;4;3;3;4;3;2;2;3;2;2;3;4;4;4;3;4;3;4;2;3;3;4;3;3;3;3;4;2;2;3;2;3;3;2;4;3;2;3;4;3;3;4;4;4;2;3;4;3;2;3;3;4;3;3;3
282;F;9;A;4;4;3;1;5;1;1;4;2;1;4;2;4;3;2;1;3;1;3;5;4;3;4;2;2;3;3;2;5;4;5;2;5;1;2;3;2;1;2;5;4;2;5;4;3;1;1;1;4;2;3;4;4;2;4;4;1;4;1;3;5;5;4;4;5;5
283;F;9;A;4;2;5;3;4;2;2;2;5;3;3;4;2;2;2;2;5;1;3;4;4;2;5;3;4;1;4;3;3;5;4;2;5;3;4;1;4;1;2;3;3;2;5;4;4;2;4;1;5;4;2;2;4;3;3;2;4;5;4;4;4;3;5;3;3;4
284;F;9;A;5;5;5;5;5;3;3;3;5;1;2;2;2;4;2;3;1;1;5;5;2;5;4;2;1;2;4;1;5;5;4;5;4;3;1;3;1;1;3;5;5;1;4;3;5;1;2;4;5;5;1;5;5;4;5;3;1;5;4;5;5;5;4;3;5;5
285;F;9;A;3;2;3;4;4;3;4;3;3;2;4;2;2;2;1;3;4;2;4;5;3;1;4;1;4;2;5;4;4;5;5;1;4;3;3;4;4;1;3;3;3;1;4;3;4;1;4;1;3;5;4;3;4;3;4;2;4;5;2;3;5;2;4;3;3;5
286;F;9;A;3;4;4;2;4;1;4;1;5;4;3;4;4;4;2;3;3;2;4;4;4;2;3;1;2;2;2;1;5;4;3;4;4;1;2;3;3;1;4;4;5;2;4;1;4;1;1;2;4;5;4;5;3;2;4;4;1;4;1;4;4;5;5;3;3;2
287;F;9;B;3;2;4;3;3;2;3;4;2;5;5;4;1;4;3;2;3;1;4;4;4;2;4;2;4;3;4;2;5;5;5;2;5;2;2;2;4;1;4;4;4;2;5;2;4;1;4;1;4;5;4;2;5;2;4;2;4;4;4;4;4;3;3;2;2;4
288;M;9;B;4;1;3;4;3;4;2;2;3;4;4;4;4;4;2;3;4;2;5;4;3;2;3;1;3;3;3;3;5;4;4;3;4;2;4;3;2;2;5;4;3;4;5;2;4;2;1;2;5;4;2;4;3;3;3;2;1;5;3;4;4;5;2;3;2;3
289;F;9;B;2;1;4;4;3;1;1;2;3;4;5;4;4;4;3;3;3;2;4;4;3;1;5;5;2;2;4;3;4;5;3;1;4;2;2;3;4;1;2;4;3;1;5;4;4;2;4;2;2;5;3;2;2;2;5;2;5;4;2;4;5;2;4;3;4;3
290;M;9;B;4;2;4;4;4;2;3;2;4;4;4;5;4;3;4;4;4;3;4;2;4;3;3;1;3;3;3;2;4;4;3;4;3;2;1;3;2;3;4;2;4;4;5;4;2;2;1;3;4;4;3;4;4;2;3;1;2;3;4;1;2;4;4;3;1;4
291;F;9;B;3;2;3;2;2;3;1;3;2;4;5;4;3;5;3;4;2;2;3;4;4;4;4;2;3;4;3;2;5;4;5;4;4;2;2;4;2;4;2;4;3;3;3;2;4;2;2;2;3;4;3;3;4;2;4;2;2;4;3;4;5;3;3;4;4;3
292;F;9;B;2;1;4;5;3;1;2;3;3;4;4;4;5;3;3;4;3;1;4;4;3;2;5;4;2;4;2;3;4;5;4;4;5;3;1;2;1;1;2;4;4;4;5;1;5;1;2;1;3;5;4;3;4;3;5;2;4;5;3;5;5;3;4;3;4;3
293;F;9;B;2;2;2;3;3;2;2;2;2;4;4;4;4;4;4;3;2;2;2;4;3;4;3;4;3;3;2;2;3;4;3;5;4;3;2;3;2;3;2;4;3;4;4;3;4;3;1;3;3;4;3;4;4;3;2;1;1;4;3;2;4;5;3;3;4;2
294;F;9;B;2;3;4;5;4;2;2;2;5;2;3;3;4;3;2;4;2;2;4;3;5;3;4;2;4;4;4;1;4;4;4;2;5;2;4;2;2;1;4;2;4;2;5;2;4;2;4;2;5;4;4;3;4;2;2;4;3;4;5;4;3;4;4;4;2;3
295;F;9;B;2;4;4;3;3;1;1;2;3;4;4;5;4;3;2;2;3;1;4;4;4;3;5;4;3;1;2;2;4;5;4;4;4;4;2;2;4;1;2;5;3;2;4;2;4;1;3;1;4;5;3;5;4;4;5;3;2;4;3;5;4;5;4;2;5;3
296;F;9;B;5;2;4;4;3;2;4;2;2;3;4;4;2;5;3;2;3;1;4;5;3;4;4;1;3;5;2;1;5;5;2;5;5;2;1;1;1;1;2;5;4;4;5;4;5;3;1;1;4;5;3;4;5;2;5;2;4;5;4;5;5;5;4;2;5;4
297;M;9;B;4;5;3;4;3;2;4;2;4;2;1;2;2;1;1;2;2;2;1;2;4;4;4;2;4;1;5;2;2;4;2;4;4;3;4;3;2;2;1;2;2;5;4;4;2;4;1;2;3;3;4;4;3;4;2;2;2;-99;2;2;4;5;3;3;2;4
298;M;9;B;2;1;2;2;3;2;3;1;2;5;4;5;4;3;3;4;4;4;2;2;4;3;2;1;4;3;3;1;3;2;3;4;2;2;5;4;3;4;3;2;2;3;3;2;2;3;2;4;5;1;4;3;1;2;1;4;5;3;5;2;3;5;3;3;1;2
299;F;9;B;2;2;4;4;3;2;2;3;3;3;4;4;3;3;4;4;2;4;4;5;3;3;4;3;3;4;3;2;3;4;4;3;4;3;4;3;3;2;3;4;3;3;4;3;3;1;2;2;4;4;3;4;4;2;3;2;3;4;4;3;3;4;3;3;3;4
300;M;9;B;3;3;4;5;1;1;2;3;3;4;5;3;4;4;2;1;3;2;5;4;3;1;5;4;3;2;3;1;5;4;3;3;5;1;3;3;4;1;5;4;5;1;4;3;4;2;4;3;5;4;4;3;4;1;4;4;5;4;4;5;3;1;1;3;2;5
301;M;9;B;4;3;3;5;3;3;4;2;3;3;1;2;2;3;2;2;2;2;3;3;4;5;3;4;3;2;3;1;4;4;4;5;3;3;2;2;3;2;1;2;3;5;3;4;2;4;1;2;3;1;4;5;5;2;1;3;2;3;3;2;4;5;3;3;3;3
302;F;9;B;2;2;5;3;2;3;2;3;2;3;4;3;5;4;1;3;2;5;2;3;2;4;3;5;2;2;1;4;4;5;3;4;1;3;3;3;1;3;1;4;1;5;2;4;1;3;2;3;3;5;3;5;4;4;5;2;1;2;2;1;5;4;3;2;4;4
303;M;9;B;3;2;4;4;2;2;1;2;4;4;3;4;4;5;1;3;4;2;1;5;2;3;5;3;2;3;3;3;4;4;4;4;4;3;4;3;2;1;4;5;5;2;4;2;5;4;4;2;4;3;3;3;4;2;4;3;2;4;5;5;5;5;3;2;4;5
304;M;9;B;1;4;2;5;2;2;1;4;4;4;4;4;4;4;5;4;4;2;3;5;2;4;4;3;4;3;2;3;2;3;3;4;4;3;2;3;2;2;2;4;4;4;3;2;4;4;2;2;4;4;2;4;5;2;4;2;2;4;3;4;4;4;3;3;4;4
305;M;9;B;3;2;4;4;3;3;2;2;3;3;3;4;4;3;3;4;3;3;3;4;3;3;4;3;3;3;4;3;4;4;4;3;5;3;4;3;2;1;3;4;3;3;5;4;4;2;4;2;4;3;3;3;4;3;3;3;3;4;4;4;5;5;3;2;4;3
306;M;9;B;4;2;5;2;5;4;2;3;4;4;4;3;4;3;2;2;3;2;4;1;4;2;2;3;4;2;4;2;2;4;4;4;4;1;2;4;4;2;4;2;5;2;5;4;2;2;4;2;4;3;3;2;4;2;2;4;4;1;3;2;4;4;3;3;1;5
307;M;9;B;4;3;4;3;3;2;2;3;3;3;3;3;3;3;4;4;4;2;3;4;2;2;4;2;3;3;3;2;3;3;4;2;5;2;3;3;2;2;2;4;4;4;4;4;5;3;2;2;3;4;3;4;5;3;3;2;2;4;3;4;4;3;4;3;3;3
308;M;9;B;2;3;2;2;3;3;3;3;2;3;3;2;2;3;3;3;4;1;4;1;4;2;3;4;4;2;3;3;3;2;4;2;3;2;3;2;3;2;2;2;4;2;4;4;5;2;3;2;2;3;4;3;4;3;3;2;4;2;3;2;3;2;3;2;2;2
309;M;9;B;1;3;2;2;2;3;1;3;3;4;4;4;4;4;4;4;1;3;4;4;2;4;3;2;3;3;1;2;2;3;3;4;2;2;2;3;2;4;3;4;2;5;4;3;3;4;1;3;4;3;2;5;3;2;2;2;1;2;3;2;2;5;2;3;2;2
310;M;9;B;4;3;3;4;5;3;3;3;4;3;3;3;4;3;2;2;5;2;3;3;3;1;5;2;3;3;4;4;4;3;3;2;4;3;4;3;2;2;2;3;5;2;5;3;3;2;2;1;5;1;4;4;4;4;1;2;3;4;3;3;4;3;5;3;2;5
311;M;9;B;4;3;4;3;3;3;4;3;4;3;4;2;3;4;2;3;3;2;4;3;3;3;2;1;3;3;3;3;4;3;4;3;2;2;2;3;2;3;5;1;3;2;4;2;1;2;3;2;5;2;4;3;4;1;2;2;3;2;4;1;4;4;3;4;2;4
312;M;9;B;3;3;3;3;2;3;2;2;3;3;2;3;3;3;3;3;3;3;2;3;2;2;3;2;3;3;3;3;2;3;3;3;3;3;2;2;2;3;3;3;3;2;3;3;4;3;3;3;3;3;2;3;3;3;3;2;3;2;3;4;2;3;3;3;2;3
313;M;9;B;5;5;3;5;3;2;1;1;5;3;5;3;1;3;5;5;4;3;4;1;5;1;3;3;4;3;4;5;3;1;4;3;2;1;1;3;5;4;5;1;5;1;5;1;5;4;1;4;5;5;4;2;4;1;3;5;1;2;5;5;2;2;3;2;1;5
314;F;9;B;2;1;5;4;3;1;2;1;4;2;5;4;2;5;3;4;4;1;3;5;4;1;5;3;2;2;3;1;5;5;4;3;5;4;2;3;5;1;1;5;3;1;5;4;5;2;5;1;1;5;3;3;5;3;5;3;4;5;4;5;5;5;3;2;5;3
315;F;9;B;3;2;4;4;4;3;2;4;4;2;2;2;3;4;2;3;3;4;2;5;3;4;3;4;2;2;1;4;4;5;5;4;4;3;1;2;1;2;2;4;3;3;3;4;4;1;2;4;4;4;4;4;2;3;5;3;4;4;3;4;5;4;4;4;5;3
316;F;9;B;3;2;1;4;3;1;2;3;2;3;4;5;3;5;4;4;4;3;2;4;5;1;4;3;4;3;5;4;5;5;5;2;4;3;2;2;5;1;3;4;5;1;5;4;5;1;5;1;3;2;2;4;5;3;3;3;3;5;3;4;3;5;4;3;1;5
317;F;9;B;3;4;4;4;3;1;2;2;5;4;3;3;2;4;2;3;4;2;2;3;2;1;2;4;2;4;3;3;3;3;4;2;3;3;2;3;4;3;2;3;2;2;3;3;3;2;2;2;4;5;2;2;4;4;4;2;4;3;2;4;4;3;4;3;4;4
318;F;9;B;3;2;2;4;3;2;1;2;3;4;3;4;3;5;4;5;3;1;3;5;2;1;5;5;3;3;3;2;4;5;3;2;5;4;2;3;3;1;1;4;3;2;5;3;4;4;3;1;3;5;3;3;3;4;5;2;3;5;1;4;3;2;3;3;5;3
319;F;9;B;3;1;3;5;2;3;3;5;3;3;1;5;1;4;3;1;3;4;3;3;2;1;3;1;3;0;0;3;5;3;4;2;4;3;3;5;5;1;5;5;4;2;4;1;5;5;5;3;5;5;1;0;1;1;5;3;4;4;0;5;0;3;4;3;0;5
320;F;9;B;3;4;2;3;4;1;1;2;4;4;2;4;4;4;5;3;4;3;4;5;4;3;4;3;3;2;3;3;4;5;3;4;5;1;3;4;2;1;4;4;4;3;4;1;4;3;2;4;4;4;3;3;5;2;3;4;2;5;5;4;4;4;5;3;3;4
321;F;9;B;3;2;2;5;4;3;2;3;3;4;2;3;2;2;3;2;4;4;4;5;5;1;4;2;4;2;4;2;5;4;4;2;4;2;4;3;4;2;4;4;4;2;4;2;2;1;2;3;5;5;4;2;4;2;5;4;4;5;5;2;5;2;4;5;2;4
322;F;9;B;3;2;2;3;1;2;2;3;3;3;4;4;3;3;4;2;3;1;4;4;4;2;5;2;3;3;3;3;2;3;2;2;4;3;2;3;3;1;2;3;4;2;5;5;4;3;2;2;4;5;3;4;3;3;5;2;3;4;3;4;4;2;3;1;3;4
323;F;9;B;2;1;4;3;3;1;2;1;5;4;4;5;5;5;3;3;1;1;3;3;3;1;4;4;3;2;3;1;3;4;3;0;2;3;2;2;3;1;2;3;3;2;3;4;3;2;4;1;3;2;2;1;5;5;3;2;5;4;2;3;4;2;3;3;4;3
324;F;9;B;2;1;2;3;3;1;1;2;3;3;4;5;4;3;4;3;1;1;3;4;3;1;4;4;3;4;3;1;3;4;3;2;4;3;2;3;2;1;2;3;3;3;4;3;4;3;2;1;3;4;2;3;3;4;4;2;3;4;2;4;4;4;3;3;4;3
